Frequency,Note,Magnitude
468.0,A#4,0.22501285169872576
464.0,A#4,0.24243410927338244
464.0,A#4,0.22439087940387836
420.0,G#4,0.228912777789702
416.0,G#4,0.22819953667423676
416.0,G#4,0.2558044360700518
416.0,G#4,0.25111413304547464
416.0,G#4,0.2454147585747094
416.0,G#4,0.24990202225279678
416.0,G#4,0.253979836858972
416.0,G#4,0.25373988705482076
416.0,G#4,0.2577238737611292
416.0,G#4,0.26804612170383324
828.0,G#5,0.29575831538614245
832.0,G#5,0.32473349881074415
832.0,G#5,0.31234738114266597
832.0,G#5,0.23788891311441768
468.0,A#4,0.2680453986293622
468.0,A#4,0.3113739719549287
468.0,A#4,0.3218641831597952
468.0,A#4,0.3139265597356773
468.0,A#4,0.2844746599542943
468.0,A#4,0.22293369311675634
372.0,F#4,0.20956219699217907
372.0,F#4,0.24174913043273571
372.0,F#4,0.2100370405051733
416.0,G#4,0.29927293603804217
416.0,G#4,0.3904363724649618
416.0,G#4,0.388876893180451
412.0,G#4,0.293955184155374
412.0,G#4,0.2274625031338487
368.0,F#4,0.2446795338947611
364.0,F#4,0.27168055500794497
364.0,F#4,0.23603978672527856
352.0,F4,0.3071506547051775
348.0,F4,0.38682558772681497
348.0,F4,0.41979453934034544
348.0,F4,0.3754350809635003
348.0,F4,0.26953103809581436
312.0,D#4,0.21464914005220753
312.0,D#4,0.26354834928325693
312.0,D#4,0.2786158779273389
312.0,D#4,0.2714386869960647
312.0,D#4,0.25528522867636194
312.0,D#4,0.23393737301136522
312.0,D#4,0.2171077000172958
312.0,D#4,0.20885600894593234
276.0,C#4,0.220052248496994
276.0,C#4,0.20656080597089174
312.0,D#4,0.23747946399174663
312.0,D#4,0.2668031206361498
312.0,D#4,0.26354493763664155
312.0,D#4,0.24255894418526905
312.0,D#4,0.2144578853488847
624.0,D#5,0.24263148744629345
624.0,D#5,0.2738647508699566
624.0,D#5,0.28346769065368954
624.0,D#5,0.2688345145569066
624.0,D#5,0.21763805570130412
556.0,C#5,0.23104211185885218
556.0,C#5,0.24935848920064727
556.0,C#5,0.2347889382455208
556.0,C#5,0.20869552996038707
276.0,C#4,0.21744532252691404
276.0,C#4,0.21431367378255434
832.0,G#5,0.2757667082672197
832.0,G#5,0.3219222053724348
832.0,G#5,0.3156117576194429
832.0,G#5,0.26728930528664796
552.0,C#5,0.20930587955192365
232.0,A#3,0.20027591297038
232.0,A#3,0.20181348995758744
700.0,F5,0.1818867606209953
700.0,F5,0.16172004952761498
208.0,G#3,0.20123553129155938
416.0,G#4,0.20843716169705814
416.0,G#4,0.2194292137808965
416.0,G#4,0.21631058003671547
624.0,D#5,0.22739250136652098
624.0,D#5,0.24578229740689006
624.0,D#5,0.2441615647341434
624.0,D#5,0.21245563617398708
208.0,G#3,0.21610561755585966
208.0,G#3,0.25059689711067934
208.0,G#3,0.25761130711218555
208.0,G#3,0.23386228911750168
704.0,F5,0.22776456175605175
700.0,F5,0.2308420830247651
228.0,A#3,0.21258913790828718
224.0,A3,0.20374809079904763
312.0,D#4,0.25411199191953077
628.0,D#5,0.2752719147498929
624.0,D#5,0.23206286233009435
624.0,D#5,0.22092950772205908
624.0,D#5,0.22149815250602733
624.0,D#5,0.24389403961742978
624.0,D#5,0.2496820693957127
620.0,D#5,0.23683869994522588
620.0,D#5,0.23610381015944518
280.0,C#4,0.22545687114596308
276.0,C#4,0.2681037324240457
276.0,C#4,0.30838268625095927
276.0,C#4,0.31508150679686703
276.0,C#4,0.28821382011115027
276.0,C#4,0.2278880281069104
280.0,C#4,0.22584241953391776
560.0,C#5,0.2753890747876117
556.0,C#5,0.3177696464784289
552.0,C#5,0.27555010810523317
552.0,C#5,0.2333407512819517
832.0,G#5,0.28546852990834815
832.0,G#5,0.41729111706729
832.0,G#5,0.5136798841841795
832.0,G#5,0.5404123989410986
832.0,G#5,0.4810332441580364
832.0,G#5,0.3524611692246276
236.0,A#3,0.20778627896590696
232.0,A#3,0.22917364273394064
232.0,A#3,0.2388571314671077
232.0,A#3,0.2222353978629887
232.0,A#3,0.20370055255244204
700.0,F5,0.23874436029495352
700.0,F5,0.32755105915099664
700.0,F5,0.3772896107107218
700.0,F5,0.3507578664946151
696.0,F5,0.26288556614512937
624.0,D#5,0.20659539361722845
412.0,G#4,0.2139523719515158
412.0,G#4,0.242495801502856
208.0,G#3,0.273044994192072
208.0,G#3,0.2547483725904703
232.0,A#3,0.2026347098688586
468.0,A#4,0.21030335400812653
468.0,A#4,0.2284828523336581
696.0,F5,0.28319276742527827
696.0,F5,0.4102747245562671
696.0,F5,0.5058151210392056
696.0,F5,0.5175970732379993
700.0,F5,0.5117896580379864
700.0,F5,0.4691144572763058
700.0,F5,0.32560330915559815
624.0,D#5,0.24862571327743466
624.0,D#5,0.30767225916620566
624.0,D#5,0.29270629942106113
620.0,D#5,0.26113538728949465
624.0,D#5,0.27713755273444074
624.0,D#5,0.3114795224661979
624.0,D#5,0.3152696807698326
624.0,D#5,0.29636004243432656
624.0,D#5,0.2653759776717473
624.0,D#5,0.23526645874210486
620.0,D#5,0.21162959577843873
552.0,C#5,0.2529045448834052
556.0,C#5,0.28363982087717765
556.0,C#5,0.31204449101763926
556.0,C#5,0.3280162942482522
556.0,C#5,0.31466851640356186
552.0,C#5,0.2553139787037601
552.0,C#5,0.21335027181171548
556.0,C#5,0.22154499852057902
832.0,G#5,0.3063018182904562
832.0,G#5,0.3523005052331227
832.0,G#5,0.3313799726273958
832.0,G#5,0.25426231067341937
464.0,A#4,0.20008069952817675
468.0,A#4,0.21944560289556014
468.0,A#4,0.21973395920317657
232.0,A#3,0.20825415783051557
232.0,A#3,0.21304479652756977
232.0,A#3,0.20497708488910962
700.0,F5,0.23447129527979782
700.0,F5,0.2618265611793862
700.0,F5,0.25965468944293535
700.0,F5,0.23267751866465008
416.0,G#4,0.20737294801046724
416.0,G#4,0.21204443586896882
416.0,G#4,0.21366651099336384
416.0,G#4,0.22391844280759354
416.0,G#4,0.20658115388661696
624.0,D#5,0.27223829355017337
624.0,D#5,0.3540937339602045
624.0,D#5,0.37764977845291436
624.0,D#5,0.3680717350776318
624.0,D#5,0.36828757803207907
624.0,D#5,0.37417710624009776
624.0,D#5,0.36128647780912904
624.0,D#5,0.3197982808628327
624.0,D#5,0.24533565840156715
208.0,G#3,0.20980843569168353
208.0,G#3,0.21485372925464502
624.0,D#5,0.24537328876133319
624.0,D#5,0.31989265339025263
624.0,D#5,0.30037896120897895
624.0,D#5,0.20024466792921403
464.0,A#4,0.24772372374241977
464.0,A#4,0.25198677118606316
464.0,A#4,0.20065576849316116
272.0,C#4,0.2015093076875068
312.0,D#4,0.23300332959295755
312.0,D#4,0.24784560531395217
624.0,D#5,0.23275311790763806
620.0,D#5,0.2744982000740038
620.0,D#5,0.2530613957489872
624.0,D#5,0.24553530777127577
624.0,D#5,0.26255417002462744
624.0,D#5,0.2484824671312356
624.0,D#5,0.21942306973055864
624.0,D#5,0.17358039081470641
276.0,C#4,0.20013905212987468
556.0,C#5,0.27128694982540597
556.0,C#5,0.3068606524749006
556.0,C#5,0.268170315982731
560.0,C#5,0.21317113668377335
832.0,G#5,0.27983603126090006
828.0,G#5,0.40680517777256014
832.0,G#5,0.5142234306850778
832.0,G#5,0.5633254075288807
832.0,G#5,0.5147006123914691
832.0,G#5,0.3778543404785073
832.0,G#5,0.20883935377929336
704.0,F5,0.2280785367698186
700.0,F5,0.3321714184929852
700.0,F5,0.3881465596046231
696.0,F5,0.38795522274342914
696.0,F5,0.33459277240505264
696.0,F5,0.21986379022981922
416.0,G#4,0.24104104312262595
416.0,G#4,0.30948446228011484
416.0,G#4,0.352947593813948
416.0,G#4,0.37467149771919867
416.0,G#4,0.3870111577955056
416.0,G#4,0.39448848879173226
416.0,G#4,0.38513251102898016
416.0,G#4,0.34929594914463347
416.0,G#4,0.28434038211617224
208.0,G#3,0.21077190504825002
696.0,F5,0.26136002609550946
696.0,F5,0.28282812421972836
700.0,F5,0.3313361922120471
700.0,F5,0.32067160762496966
696.0,F5,0.23787523887901235
232.0,A#3,0.20049485394285146
232.0,A#3,0.21579001639680884
232.0,A#3,0.20854883434825505
232.0,A#3,0.21587226035156545
232.0,A#3,0.23181081916662025
232.0,A#3,0.23764049071611792
232.0,A#3,0.2337305150898088
232.0,A#3,0.2388287222372169
232.0,A#3,0.2583743364056846
232.0,A#3,0.26611037674485455
232.0,A#3,0.23663596863218375
232.0,A#3,0.25358750907054556
232.0,A#3,0.29999166548801043
232.0,A#3,0.28382572296408337
232.0,A#3,0.2147451374313212
556.0,C#5,0.2817887850537954
556.0,C#5,0.40395014246498956
556.0,C#5,0.4355333972613696
556.0,C#5,0.35871225637241216
552.0,C#5,0.2269897166354071
620.0,D#5,0.22552212063586458
620.0,D#5,0.2767780461259218
620.0,D#5,0.2698059738627263
620.0,D#5,0.2070216601279694
348.0,F4,0.23901857327240014
348.0,F4,0.3099782561096637
348.0,F4,0.32385824387041273
348.0,F4,0.2714310879792065
344.0,F4,0.2193732236656139
344.0,F4,0.3110360510518677
348.0,F4,0.3461275868888687
348.0,F4,0.33292062435233044
700.0,F5,0.25464068207241586
740.0,F#5,0.2396646102396903
740.0,F#5,0.2635905174408113
740.0,F#5,0.21058842241493378
624.0,D#5,0.2482458939924075
624.0,D#5,0.2229481190343684
556.0,C#5,0.23976424841919633
556.0,C#5,0.3322305922785527
556.0,C#5,0.37348980152092465
556.0,C#5,0.3573063584562063
556.0,C#5,0.3005426704214292
556.0,C#5,0.2212372065738915
312.0,D#4,0.23165657289174627
312.0,D#4,0.3341217009655763
312.0,D#4,0.377693881580714
308.0,D#4,0.3635304768245735
308.0,D#4,0.291473800798248
312.0,D#4,0.31342475879047765
628.0,D#5,0.39314101072103536
624.0,D#5,0.5172629671728353
624.0,D#5,0.5770188103452754
624.0,D#5,0.47717728542593735
624.0,D#5,0.28046564151868275
704.0,F5,0.36768985038448215
704.0,F5,0.3954974175323536
704.0,F5,0.3337669388679193
704.0,F5,0.2316154507408702
620.0,D#5,0.25690818894309425
620.0,D#5,0.28274499076787024
620.0,D#5,0.23561457042161613
368.0,F#4,0.20378731777670808
368.0,F#4,0.2407813141351401
744.0,F#5,0.2660811471878619
744.0,F#5,0.21745964973490298
420.0,G#4,0.2456650991773091
416.0,G#4,0.3393356775868261
416.0,G#4,0.3460378099382044
416.0,G#4,0.25313360919123645
420.0,G#4,0.20797477804031203
416.0,G#4,0.2110709738349427
416.0,G#4,0.30964956078809397
416.0,G#4,0.41888903018857615
416.0,G#4,0.5004216105129025
416.0,G#4,0.5234870180182913
416.0,G#4,0.4725829554805876
416.0,G#4,0.368402395162815
412.0,G#4,0.24413906065288835
416.0,G#4,0.3158381361214355
416.0,G#4,0.49114458772124103
416.0,G#4,0.6016358933432185
416.0,G#4,0.5824740101318373
416.0,G#4,0.4510201660540177
416.0,G#4,0.2836290950200036
372.0,F#4,0.2671473338723753
372.0,F#4,0.34333124764636264
368.0,F#4,0.4109389138849305
368.0,F#4,0.4670117252171306
368.0,F#4,0.47890995671137865
368.0,F#4,0.4535720556569577
368.0,F#4,0.37882163047964995
368.0,F#4,0.2646164309767609
416.0,G#4,0.3999447877734472
416.0,G#4,0.5314111855181548
416.0,G#4,0.5984439755686211
416.0,G#4,0.6136291732099282
416.0,G#4,0.6099625839901834
416.0,G#4,0.611832308564109
416.0,G#4,0.6189898485285602
416.0,G#4,0.6085229626339055
416.0,G#4,0.5519266382946337
416.0,G#4,0.4431788708687814
420.0,G#4,0.3609304820166278
420.0,G#4,0.2666136311056651
464.0,A#4,0.20660185420731525
464.0,A#4,0.2540804668600828
468.0,A#4,0.2778221567059789
468.0,A#4,0.28016815007625817
468.0,A#4,0.2993558003259638
468.0,A#4,0.3136201599829239
468.0,A#4,0.2890259369259054
468.0,A#4,0.2573535548403524
468.0,A#4,0.24646540483871002
468.0,A#4,0.2232957759353831
468.0,A#4,0.1728618968810503
476.0,A#4,0.14948207364458832
468.0,A#4,0.16575266218003334
472.0,A#4,0.19740209853279178
472.0,A#4,0.1775723564582842
452.0,A4,0.16972718132453185
416.0,G#4,0.23486523455918407
416.0,G#4,0.23704546360484777
416.0,G#4,0.21490723166101944
336.0,E4,0.22742499622535312
336.0,E4,0.2644153321030844
336.0,E4,0.22762602811668423
372.0,F#4,0.20562954257578342
372.0,F#4,0.3220457107974377
372.0,F#4,0.3915890146151664
372.0,F#4,0.39694452604981256
372.0,F#4,0.36866217414279207
372.0,F#4,0.3418232382128972
368.0,F#4,0.36097880809571076
368.0,F#4,0.3897034824770115
368.0,F#4,0.3461530310143577
368.0,F#4,0.2570308892636376
416.0,G#4,0.21600742397973413
416.0,G#4,0.33393683732639023
416.0,G#4,0.42294768809699196
416.0,G#4,0.43505266684289634
420.0,G#4,0.36443931705472166
420.0,G#4,0.22784856257806935
468.0,A#4,0.18812905001213645
468.0,A#4,0.2674677509141864
468.0,A#4,0.2975458640685599
468.0,A#4,0.2591793845789118
232.0,A#3,0.2160076745866118
232.0,A#3,0.21669843742957332
236.0,A#3,0.24396348951532382
236.0,A#3,0.2570493997454427
236.0,A#3,0.26057031471912184
236.0,A#3,0.278925021655174
236.0,A#3,0.33525473851753024
236.0,A#3,0.39537560689297224
236.0,A#3,0.3884668279959342
236.0,A#3,0.2892389151938577
556.0,C#5,0.28760022625119525
556.0,C#5,0.2541459943810273
832.0,G#5,0.1980847976562449
624.0,D#5,0.16453116134699913
624.0,D#5,0.24997313245921834
624.0,D#5,0.30827265226788164
624.0,D#5,0.3080241082820251
624.0,D#5,0.24814878085306238
624.0,D#5,0.15927162055586747
348.0,F4,0.18192113808869614
348.0,F4,0.22837917850693346
348.0,F4,0.26173823435596183
348.0,F4,0.292832461784381
348.0,F4,0.35338953190004735
348.0,F4,0.41527764082867047
348.0,F4,0.3929657131273674
352.0,F4,0.3823239167614213
352.0,F4,0.3354490429592879
352.0,F4,0.3177297498107534
352.0,F4,0.3064104298905514
348.0,F4,0.33199598890570825
348.0,F4,0.26297109186395057
740.0,F#5,0.2168037153575049
740.0,F#5,0.3146073014012034
740.0,F#5,0.3581015185887528
736.0,F#5,0.3358417305538446
736.0,F#5,0.26533174219477695
740.0,F#5,0.17587719405451277
700.0,F5,0.2499923168548619
700.0,F5,0.32421506343943324
700.0,F5,0.3209701114541523
700.0,F5,0.24976368359705858
624.0,D#5,0.2215574247961696
624.0,D#5,0.26316601150730956
620.0,D#5,0.2393691311016902
468.0,A#4,0.2483805126206673
468.0,A#4,0.29556271811428686
468.0,A#4,0.2831621222550671
464.0,A#4,0.2526519648892362
464.0,A#4,0.2346172493180618
464.0,A#4,0.20373533429139135
556.0,C#5,0.2627657187443321
556.0,C#5,0.3426142061077799
556.0,C#5,0.3762518606637339
556.0,C#5,0.3509330581731321
556.0,C#5,0.26992474843041
312.0,D#4,0.21244527438659344
312.0,D#4,0.22695634728860448
316.0,D#4,0.26980324233131325
312.0,D#4,0.3864185316508802
312.0,D#4,0.417729689310392
628.0,D#5,0.4256512882849224
628.0,D#5,0.3518176900466586
696.0,F5,0.3539241555435084
696.0,F5,0.4542142157689596
696.0,F5,0.4634466771152954
696.0,F5,0.3756365682046065
696.0,F5,0.2480812469761646
372.0,F#4,0.20017424701971906
372.0,F#4,0.2057037381128791
376.0,F#4,0.20272396534294806
356.0,F4,0.23857769259832765
356.0,F4,0.2732202066248644
356.0,F4,0.22951636937047049
832.0,G#5,0.2508563027624241
832.0,G#5,0.2290322653880397
828.0,G#5,0.3007685824467049
832.0,G#5,0.4448469286349473
828.0,G#5,0.5512310830392496
828.0,G#5,0.6108801255260567
828.0,G#5,0.5876538423180668
828.0,G#5,0.47817452860877085
832.0,G#5,0.35348721837136915
828.0,G#5,0.2704891082774595
828.0,G#5,0.332582926129438
828.0,G#5,0.40487029778696115
828.0,G#5,0.4376892207359821
828.0,G#5,0.40599267030558994
828.0,G#5,0.33001976963164437
832.0,G#5,0.2615862788847401
832.0,G#5,0.28295944056199274
828.0,G#5,0.3957488944013826
828.0,G#5,0.4842482223425609
828.0,G#5,0.4837942187857964
832.0,G#5,0.41461380497073463
828.0,G#5,0.3031681423758884
372.0,F#4,0.2636434704476235
372.0,F#4,0.4139319017602849
368.0,F#4,0.4916627467997012
368.0,F#4,0.49057354136860126
368.0,F#4,0.37981265742993325
368.0,F#4,0.22776086696329048
416.0,G#4,0.21935339181231117
416.0,G#4,0.23451473072642842
416.0,G#4,0.2181905520786828
416.0,G#4,0.17882566507725778
472.0,A#4,0.21177627056996134
472.0,A#4,0.30454225110507727
472.0,A#4,0.3564108185645934
468.0,A#4,0.415309025591418
464.0,A#4,0.3976958679158823
464.0,A#4,0.36690133338115033
464.0,A#4,0.30168107099998664
832.0,G#5,0.3216831212866313
832.0,G#5,0.3340221393753978
832.0,G#5,0.30682745673161793
468.0,A#4,0.3178049412383198
468.0,A#4,0.2875621059665643
464.0,A#4,0.2390674794575688
464.0,A#4,0.20681275828786977
832.0,G#5,0.19984134175490964
832.0,G#5,0.1781830448153882
412.0,G#4,0.19931640097176798
412.0,G#4,0.3166866435095274
412.0,G#4,0.39032483131559736
416.0,G#4,0.4526235720494508
416.0,G#4,0.4684205961775528
416.0,G#4,0.41197675393327426
416.0,G#4,0.29521859401191725
420.0,G#4,0.16763247180838772
412.0,G#4,0.0881350784362674
412.0,G#4,0.07135805686486066
416.0,G#4,0.08179834227540657
424.0,G#4,0.09362302378806905
424.0,G#4,0.08578401666923727
468.0,A#4,0.07384327435992455
416.0,G#4,0.20090787680776548
468.0,A#4,0.1846743321999714
468.0,A#4,0.23839182969831468
468.0,A#4,0.2331249120817049
468.0,A#4,0.17026614682084218
416.0,G#4,0.22929463965631505
416.0,G#4,0.22881922189431977
372.0,F#4,0.23094874761892437
368.0,F#4,0.3071824019943854
368.0,F#4,0.352044574731669
368.0,F#4,0.33606638885652074
368.0,F#4,0.26313472897664414
696.0,F5,0.25163582953712577
696.0,F5,0.3039396475200992
696.0,F5,0.29378377391178456
348.0,F4,0.2654857471687675
348.0,F4,0.25625991097248585
348.0,F4,0.2296641151918978
352.0,F4,0.242755824379123
348.0,F4,0.2492076777846874
348.0,F4,0.2399129808070762
468.0,A#4,0.21503755675494945
468.0,A#4,0.3030091132169751
468.0,A#4,0.3238464570594881
464.0,A#4,0.3054373912795933
464.0,A#4,0.27941771205724125
416.0,G#4,0.272222364835454
416.0,G#4,0.34899837198914285
416.0,G#4,0.36775956535276105
412.0,G#4,0.35267354202196577
412.0,G#4,0.31171045041752793
412.0,G#4,0.2230673975865064
352.0,F4,0.22055721224999003
352.0,F4,0.28279458907833244
352.0,F4,0.2966038458000827
352.0,F4,0.23856777952380248
372.0,F#4,0.24525543957935114
372.0,F#4,0.23984506877549294
832.0,G#5,0.26485868393706413
832.0,G#5,0.28807963378739265
832.0,G#5,0.2204878754475923
828.0,G#5,0.2624830535179568
828.0,G#5,0.3185280956307285
828.0,G#5,0.2718700231206058
824.0,G#5,0.2530320973488993
836.0,G#5,0.2722874991899114
820.0,G#5,0.30045132797968055
836.0,G#5,0.2868734438593036
836.0,G#5,0.30052156617515413
832.0,G#5,0.29465156098231376
832.0,G#5,0.28911871721040877
832.0,G#5,0.22324359458551712
472.0,A#4,0.23856738706774364
472.0,A#4,0.3047333403509063
472.0,A#4,0.29152665614660633
472.0,A#4,0.2091553936222475
412.0,G#4,0.26159938934760196
412.0,G#4,0.37038091295299336
412.0,G#4,0.4061896218823522
412.0,G#4,0.34129317706178425
416.0,G#4,0.21984155190877303
368.0,F#4,0.22438527465861652
368.0,F#4,0.28650503138798794
368.0,F#4,0.2873788599234992
368.0,F#4,0.2302792645085227
348.0,F4,0.22560588144986443
352.0,F4,0.28058910513794716
352.0,F4,0.32086331793257716
352.0,F4,0.32469372635555316
352.0,F4,0.27918658347626857
372.0,F#4,0.2728399700624495
372.0,F#4,0.31192839018124996
372.0,F#4,0.2840208916600572
372.0,F#4,0.20508897507474977
416.0,G#4,0.2211425079475468
416.0,G#4,0.2857257526088552
416.0,G#4,0.30927495163529833
416.0,G#4,0.29705100174021565
416.0,G#4,0.275178685162955
416.0,G#4,0.25621027730089585
416.0,G#4,0.2353957788751253
416.0,G#4,0.20230557216559253
348.0,F4,0.22872843072900456
348.0,F4,0.2818220177837381
696.0,F5,0.3083442377629903
696.0,F5,0.2522463005759363
700.0,F5,0.2349894624067716
348.0,F4,0.2332059783725661
348.0,F4,0.27104121263573067
348.0,F4,0.25793646103544693
352.0,F4,0.2545187951711368
348.0,F4,0.23873628452005585
348.0,F4,0.24968600360224144
348.0,F4,0.23540918099074057
348.0,F4,0.2097898296663467
276.0,C#4,0.22705131314591853
280.0,C#4,0.2829789610227668
280.0,C#4,0.2891799892076506
280.0,C#4,0.24068249765882274
276.0,C#4,0.26645005709541064
276.0,C#4,0.28589264395196445
276.0,C#4,0.2701534845883926
276.0,C#4,0.23770520998016745
556.0,C#5,0.28892806822016676
556.0,C#5,0.29742915652398416
552.0,C#5,0.29242811361072263
556.0,C#5,0.2989599086645536
556.0,C#5,0.30890794230916535
556.0,C#5,0.2771525465275579
556.0,C#5,0.20483225468502106
232.0,A#3,0.23521244881854925
232.0,A#3,0.34203147367345044
232.0,A#3,0.4220667191148
232.0,A#3,0.4299284738594156
232.0,A#3,0.35390040290938235
236.0,A#3,0.2354755744797786
368.0,F#4,0.2215333585229871
368.0,F#4,0.24194663523370535
372.0,F#4,0.21043173925044015
412.0,G#4,0.21315854556560354
416.0,G#4,0.2658892745351275
416.0,G#4,0.24885254575886256
368.0,F#4,0.21006417892032977
368.0,F#4,0.2648550230184112
368.0,F#4,0.30195824724339626
368.0,F#4,0.31058135920120394
368.0,F#4,0.29060156474109683
368.0,F#4,0.2450885875205634
184.0,F#3,0.2089520037395465
184.0,F#3,0.20941102338984685
740.0,F#5,0.22302485149433549
740.0,F#5,0.24695829937609098
740.0,F#5,0.22103115709736018
368.0,F#4,0.20902676939817044
472.0,A#4,0.20811628042107586
468.0,A#4,0.2364686021776699
468.0,A#4,0.23646530959644355
416.0,G#4,0.26418489017607977
416.0,G#4,0.266317997098285
700.0,F5,0.20122270670403847
700.0,F5,0.2519901448918332
700.0,F5,0.2452388992865535
348.0,F4,0.20184697878912067
348.0,F4,0.20895422460264299
696.0,F5,0.22388849952771925
696.0,F5,0.2349637638754872
832.0,G#5,0.2262201864449274
832.0,G#5,0.2849099738025979
832.0,G#5,0.2701326945477436
468.0,A#4,0.1531037324764508
468.0,A#4,0.18990284997365
464.0,A#4,0.2021011053617289
464.0,A#4,0.18278147758711913
416.0,G#4,0.2166858320162739
416.0,G#4,0.3300571899958559
416.0,G#4,0.40253422409315504
416.0,G#4,0.4028101548432153
412.0,G#4,0.3487859162492269
412.0,G#4,0.24756234158648338
348.0,F4,0.2219244867321059
348.0,F4,0.27321034215690276
348.0,F4,0.2565714067333932
368.0,F#4,0.26510074043938664
368.0,F#4,0.2734152824633457
372.0,F#4,0.2251700420427
416.0,G#4,0.24784211116552474
416.0,G#4,0.29035895096953473
416.0,G#4,0.24394746147995736
416.0,G#4,0.20041890202109436
824.0,G#5,0.2285650607288298
824.0,G#5,0.254647156176286
824.0,G#5,0.2740958021162113
824.0,G#5,0.30224205857055536
820.0,G#5,0.31285027237541313
820.0,G#5,0.3128683168452943
828.0,G#5,0.34722605837498854
828.0,G#5,0.33789001859918977
824.0,G#5,0.30729252069424645
824.0,G#5,0.2078282144835062
468.0,A#4,0.27082442379463123
468.0,A#4,0.35772311744366886
468.0,A#4,0.3494024300674586
468.0,A#4,0.2514634251114704
416.0,G#4,0.23237477563639575
416.0,G#4,0.30076835747933217
416.0,G#4,0.3069452420365915
416.0,G#4,0.24801210340325902
372.0,F#4,0.23467941656181623
372.0,F#4,0.24929358264554882
352.0,F4,0.20131679284928267
368.0,F#4,0.21633784985724674
368.0,F#4,0.2808997034640454
368.0,F#4,0.28688258943996214
372.0,F#4,0.2662901574513311
372.0,F#4,0.20883838339710406
372.0,F#4,0.23896660421422045
372.0,F#4,0.23999407996758498
832.0,G#5,0.23780364143598173
828.0,G#5,0.36546468720626935
828.0,G#5,0.46677671869486714
828.0,G#5,0.4504547553679309
824.0,G#5,0.31817434899643204
824.0,G#5,0.2694146941297542
840.0,G#5,0.2568209461371246
416.0,G#4,0.24091167480936918
412.0,G#4,0.2836004633991759
412.0,G#4,0.30564202436258436
412.0,G#4,0.29124984811890203
412.0,G#4,0.23290066984620159
352.0,F4,0.2740624364638329
352.0,F4,0.2955134260808647
348.0,F4,0.2880896979653774
348.0,F4,0.28658116582447507
352.0,F4,0.2857706022125635
352.0,F4,0.32205615775617413
352.0,F4,0.2841667523883795
348.0,F4,0.30554119644292516
348.0,F4,0.24791511931513163
280.0,C#4,0.24508923821451453
280.0,C#4,0.279895552791269
276.0,C#4,0.2724835591780145
276.0,C#4,0.2816146816685107
276.0,C#4,0.2513246816761562
280.0,C#4,0.22537837727926988
280.0,C#4,0.22809442024824336
276.0,C#4,0.2037819805399342
276.0,C#4,0.21212581200341074
232.0,A#3,0.2029723588285556
372.0,F#4,0.20521001496608246
372.0,F#4,0.24228246150806715
372.0,F#4,0.21857863933489333
836.0,G#5,0.2995548913294041
836.0,G#5,0.3272014257482701
832.0,G#5,0.26233023890769724
832.0,G#5,0.22567014291718848
832.0,G#5,0.2545198675925528
832.0,G#5,0.20703516745609765
472.0,A#4,0.1477388507081652
472.0,A#4,0.20172437014527822
468.0,A#4,0.23024438160555322
468.0,A#4,0.26822540978974185
468.0,A#4,0.2641921060192617
468.0,A#4,0.2091424525732067
464.0,A#4,0.1441480859993251
464.0,A#4,0.16801583096882164
832.0,G#5,0.22503562371115424
372.0,F#4,0.2152068549373011
372.0,F#4,0.2369352873651619
740.0,F#5,0.2754921188127924
740.0,F#5,0.3051213496419823
740.0,F#5,0.285410874806769
740.0,F#5,0.21936929815382666
348.0,F4,0.21341176082281177
348.0,F4,0.28300687049144835
348.0,F4,0.306711297497431
352.0,F4,0.29665149208412434
352.0,F4,0.31732410561083685
348.0,F4,0.307997689586364
348.0,F4,0.3299555845889725
348.0,F4,0.29288792919742646
348.0,F4,0.205320404093697
308.0,D#4,0.23258982772931855
308.0,D#4,0.24981278094455944
304.0,D#4,0.23352233597148067
304.0,D#4,0.1931457550668242
628.0,D#5,0.18243969007356098
628.0,D#5,0.12860423732285964
308.0,D#4,0.12090016006636266
308.0,D#4,0.11527861138683208
308.0,D#4,0.09727225250304533
276.0,C#4,0.26294513057974306
276.0,C#4,0.3351186381672644
276.0,C#4,0.3458676935243904
276.0,C#4,0.31391317490418963
276.0,C#4,0.28307660263965273
552.0,C#5,0.26351129271242213
556.0,C#5,0.21851291536777517
556.0,C#5,0.23878630187825445
556.0,C#5,0.30657674548796293
556.0,C#5,0.33923627988407096
556.0,C#5,0.30742304723188235
556.0,C#5,0.22563780773193431
276.0,C#4,0.20374524224141013
468.0,A#4,0.23926718700323413
468.0,A#4,0.2663175102374068
468.0,A#4,0.26458639592496463
468.0,A#4,0.23097140694613316
624.0,D#5,0.20417315743239706
624.0,D#5,0.2690053084787616
624.0,D#5,0.3013377351886646
624.0,D#5,0.2836321572579998
624.0,D#5,0.22620490716844943
624.0,D#5,0.21968061558695903
624.0,D#5,0.2865864559441832
624.0,D#5,0.3261151018193964
624.0,D#5,0.3287589830741457
624.0,D#5,0.2884777351551636
624.0,D#5,0.21283098442781523
556.0,C#5,0.24557294703914906
552.0,C#5,0.2715963103303765
552.0,C#5,0.22448275896894548
700.0,F5,0.30316848209448444
700.0,F5,0.3357470391370018
696.0,F5,0.29992628200234117
292.0,D4,0.2162469590795185
624.0,D#5,0.2609079509961718
624.0,D#5,0.37824528488626397
624.0,D#5,0.40874367627024927
624.0,D#5,0.37826704889026497
624.0,D#5,0.35485757003839363
624.0,D#5,0.3472336329586147
624.0,D#5,0.322263420016871
624.0,D#5,0.27217707140486574
624.0,D#5,0.20870631503664178
624.0,D#5,0.17344795013549452
624.0,D#5,0.14284118193684373
276.0,C#4,0.23104911985027177
276.0,C#4,0.31372098239408813
280.0,C#4,0.33060636913730557
280.0,C#4,0.27824815152977633
556.0,C#5,0.32373694046347257
556.0,C#5,0.47345988170567543
556.0,C#5,0.5154324365902468
556.0,C#5,0.44543151846934015
556.0,C#5,0.3180550033391268
836.0,G#5,0.4319792983818117
836.0,G#5,0.5204542412971525
836.0,G#5,0.48167798088287517
832.0,G#5,0.39322896664230245
832.0,G#5,0.267671231653341
700.0,F5,0.23620251373132975
700.0,F5,0.3212955927720284
700.0,F5,0.4085046797825917
700.0,F5,0.46251828305091125
700.0,F5,0.44786089631320425
700.0,F5,0.36838158357280737
700.0,F5,0.2480343347242181
624.0,D#5,0.25616458818045645
624.0,D#5,0.35459503047484436
624.0,D#5,0.43535763961864166
624.0,D#5,0.463848691964283
624.0,D#5,0.41701411192751514
620.0,D#5,0.3233357990217806
620.0,D#5,0.22011562087803402
468.0,A#4,0.20179100425043467
464.0,A#4,0.2673777548752027
464.0,A#4,0.31968124369018186
464.0,A#4,0.31838919210073874
464.0,A#4,0.2578151640535958
468.0,A#4,0.2355582257186265
700.0,F5,0.28625350185559567
700.0,F5,0.3882249410998191
700.0,F5,0.46959775074838755
700.0,F5,0.5511028645316631
700.0,F5,0.620714628533262
700.0,F5,0.6124931809022207
700.0,F5,0.5043050215059733
700.0,F5,0.33198823548039
620.0,D#5,0.22724560767940735
308.0,D#4,0.2806223103831318
312.0,D#4,0.3483665158021717
312.0,D#4,0.349848753102474
624.0,D#5,0.3134954216972942
624.0,D#5,0.3471716152829227
624.0,D#5,0.3220042272959285
620.0,D#5,0.3637327000853012
620.0,D#5,0.334155480452746
620.0,D#5,0.26830292335191125
312.0,D#4,0.22135174699510196
312.0,D#4,0.2041374042792408
348.0,F4,0.20264049156132002
348.0,F4,0.2240795444579775
348.0,F4,0.2137475072443141
700.0,F5,0.20250944456804074
696.0,F5,0.20261867946067305
696.0,F5,0.2810918340872788
696.0,F5,0.3118756834431553
696.0,F5,0.2688525690204604
700.0,F5,0.29766960123306646
704.0,F5,0.2748969483298658
348.0,F4,0.26836874880620076
344.0,F4,0.2481924365723206
740.0,F#5,0.2308488624908446
740.0,F#5,0.2636744682318711
740.0,F#5,0.2720522077364937
740.0,F#5,0.25086469519074317
740.0,F#5,0.20612145898108147
416.0,G#4,0.204764757959443
416.0,G#4,0.22200981533652167
416.0,G#4,0.24108072518881205
416.0,G#4,0.25108306608771186
416.0,G#4,0.23427655679033035
416.0,G#4,0.2840579337439341
416.0,G#4,0.3333827663245048
416.0,G#4,0.31956353743689814
416.0,G#4,0.2500559025554723
468.0,A#4,0.31474047135939076
468.0,A#4,0.40446857320196145
468.0,A#4,0.4150238615912584
468.0,A#4,0.3391329095959359
468.0,A#4,0.2230330759346843
416.0,G#4,0.2986293580439324
416.0,G#4,0.367765753750523
412.0,G#4,0.3479276278437591
412.0,G#4,0.2452072353499887
368.0,F#4,0.21841538441066818
368.0,F#4,0.20901312601312316
376.0,F#4,0.22955395567706383
376.0,F#4,0.23048582525113326
832.0,G#5,0.10842258267717345
832.0,G#5,0.12253725470339843
832.0,G#5,0.0993245141309538
628.0,D#5,0.23848855845328865
632.0,D#5,0.3175350775697952
632.0,D#5,0.3196959742959602
632.0,D#5,0.2343530244796276
624.0,D#5,0.25973351633444103
624.0,D#5,0.24687697121076219
568.0,C#5,0.2509701782897835
568.0,C#5,0.2538091305153933
564.0,C#5,0.22256851888147297
308.0,D#4,0.27572417810980715
308.0,D#4,0.3769977720151075
308.0,D#4,0.4723622062491472
308.0,D#4,0.49987985258681245
308.0,D#4,0.40855036086068786
628.0,D#5,0.27610934753316874
624.0,D#5,0.417112247536517
624.0,D#5,0.5139482313792378
624.0,D#5,0.5629966470035359
624.0,D#5,0.5578394635462708
624.0,D#5,0.4683903725126661
624.0,D#5,0.3068507362709505
560.0,C#5,0.20644062753109985
276.0,C#4,0.20304813359420537
276.0,C#4,0.21956198871995308
276.0,C#4,0.21993119461962657
276.0,C#4,0.2525025152626677
276.0,C#4,0.3134655402688859
276.0,C#4,0.34580350831597034
280.0,C#4,0.33386567026893615
280.0,C#4,0.3039111195845465
556.0,C#5,0.31793658949465514
556.0,C#5,0.348937831686222
556.0,C#5,0.3370239896335129
556.0,C#5,0.2865567572463957
556.0,C#5,0.21535827788539666
468.0,A#4,0.24809987612962156
468.0,A#4,0.31773872653893837
468.0,A#4,0.3472019644968526
468.0,A#4,0.31354118544519505
472.0,A#4,0.22806804490042445
420.0,G#4,0.22784352955121673
420.0,G#4,0.22521486260982507
468.0,A#4,0.28095742425175607
468.0,A#4,0.34139186778718505
468.0,A#4,0.30507013709292524
460.0,A#4,0.24128068715011944
696.0,F5,0.24359911185569147
700.0,F5,0.3309236353618038
700.0,F5,0.40271938824186176
700.0,F5,0.41664132464721404
700.0,F5,0.3478276525340556
696.0,F5,0.22692453291650044
556.0,C#5,0.24722753884326476
552.0,C#5,0.27633994646854587
552.0,C#5,0.2692247209779894
184.0,F#3,0.2012768684704774
420.0,G#4,0.22347614670981997
416.0,G#4,0.2617624849388766
416.0,G#4,0.2374095045859522
464.0,A#4,0.27382387207393666
464.0,A#4,0.31828920778308695
464.0,A#4,0.280325280281826
468.0,A#4,0.25977299956082145
468.0,A#4,0.2857311164253038
468.0,A#4,0.3028810003057924
468.0,A#4,0.28067402514239903
472.0,A#4,0.22415133155454034
496.0,B4,0.2401371309535461
492.0,B4,0.247207886501816
492.0,B4,0.2403657886305339
488.0,B4,0.20876201996879512
232.0,A#3,0.2743078682641421
232.0,A#3,0.34413610320278276
232.0,A#3,0.36424606865782294
236.0,A#3,0.3449281861331072
236.0,A#3,0.2706623963970058
552.0,C#5,0.2531030981639945
556.0,C#5,0.32382346030863085
556.0,C#5,0.3224445021549367
556.0,C#5,0.23853453543320824
624.0,D#5,0.255700034442208
624.0,D#5,0.32974036513857025
624.0,D#5,0.31882717027015145
624.0,D#5,0.22289350360827315
704.0,F5,0.26801884637820605
704.0,F5,0.3542567613025801
704.0,F5,0.36315294041746
704.0,F5,0.29024470236765537
700.0,F5,0.2099836506783442
700.0,F5,0.2247533400641005
744.0,F#5,0.2536203887661855
744.0,F#5,0.27117161527565664
744.0,F#5,0.20903787073189956
348.0,F4,0.20385779317473857
348.0,F4,0.24478562156474823
348.0,F4,0.24082935239898096
244.0,B3,0.2147550765531837
244.0,B3,0.24313979983426146
232.0,A#3,0.32158555615276746
232.0,A#3,0.38885070809046274
232.0,A#3,0.4120649246816904
232.0,A#3,0.3894989317298288
232.0,A#3,0.3489440605228518
232.0,A#3,0.3412326964755877
232.0,A#3,0.36593447634540244
232.0,A#3,0.36500070134641305
232.0,A#3,0.3127559181809539
236.0,A#3,0.27029286541860004
236.0,A#3,0.20634308778119032
312.0,D#4,0.289471094021545
312.0,D#4,0.3703949612012573
312.0,D#4,0.3763327645820639
308.0,D#4,0.3101740878574763
628.0,D#5,0.2086882883440586
700.0,F5,0.23279219762313225
700.0,F5,0.3685621561795192
700.0,F5,0.41833179726416947
700.0,F5,0.3415725473131501
704.0,F5,0.20714871443325272
556.0,C#5,0.2541460490999462
556.0,C#5,0.2744407229037562
556.0,C#5,0.23554688097256887
416.0,G#4,0.28824973618437644
416.0,G#4,0.38031603769080374
416.0,G#4,0.3853030803996239
416.0,G#4,0.30317271901701015
416.0,G#4,0.2538629543615548
416.0,G#4,0.4155548270579042
416.0,G#4,0.5568580541095209
416.0,G#4,0.6175291798923284
416.0,G#4,0.5602263762921822
412.0,G#4,0.4136925905570999
412.0,G#4,0.26889174651809683
416.0,G#4,0.30175518793480427
416.0,G#4,0.421210610635474
416.0,G#4,0.4641046483563372
416.0,G#4,0.40440229287825746
416.0,G#4,0.28537106484870944
620.0,D#5,0.13288361506048627
844.0,G#5,0.23770690022314223
836.0,G#5,0.35314368759038456
836.0,G#5,0.3983729604445599
832.0,G#5,0.34038908910330906
832.0,G#5,0.22453853511518476
368.0,F#4,0.2417747479452457
368.0,F#4,0.3086754599525325
368.0,F#4,0.3542406159356123
368.0,F#4,0.401825503742185
368.0,F#4,0.41604642502290384
368.0,F#4,0.35348994617052104
372.0,F#4,0.2291110977680651
556.0,C#5,0.21098299420639396
832.0,G#5,0.23982688405681327
832.0,G#5,0.28306192617350673
832.0,G#5,0.2836023913847206
832.0,G#5,0.2458187560053999
832.0,G#5,0.21665298751995551
832.0,G#5,0.21958054440765506
832.0,G#5,0.2417425235424373
832.0,G#5,0.26454100461259655
832.0,G#5,0.25246590638854244
836.0,G#5,0.19703942450129974
836.0,G#5,0.12187867050970928
468.0,A#4,0.23439447137530475
468.0,A#4,0.30256030549745705
468.0,A#4,0.3003505196096626
468.0,A#4,0.24098618748044826
620.0,D#5,0.16119068625090352
452.0,A4,0.16019704934686455
464.0,A#4,0.22004533151357802
464.0,A#4,0.25822007838182665
464.0,A#4,0.2405226107886614
468.0,A#4,0.19120408392506835
556.0,C#5,0.3107912028777982
556.0,C#5,0.541660102285969
556.0,C#5,0.714280548717235
556.0,C#5,0.722668032249466
556.0,C#5,0.5606001198026385
556.0,C#5,0.3333747116625295
552.0,C#5,0.20354057402917503
464.0,A#4,0.26378682391452246
468.0,A#4,0.45034160941090223
468.0,A#4,0.5969036248786785
468.0,A#4,0.5923660640235221
468.0,A#4,0.44142335130197796
468.0,A#4,0.23870764755078994
368.0,F#4,0.2865823472506203
368.0,F#4,0.4194222567987762
368.0,F#4,0.45277410675842533
372.0,F#4,0.4121871204896164
372.0,F#4,0.315122361681431
740.0,F#5,0.208068258322558
416.0,G#4,0.35839180239720986
416.0,G#4,0.532903119578516
416.0,G#4,0.6445080998281806
416.0,G#4,0.6281762617131981
416.0,G#4,0.49521217286870906
412.0,G#4,0.3128425412310402
336.0,E4,0.34026113931226404
336.0,E4,0.3246251815085236
336.0,E4,0.2379855010494037
312.0,D#4,0.34922095407452186
312.0,D#4,0.46692368627478664
312.0,D#4,0.45181720729494523
312.0,D#4,0.31342157794891085
348.0,F4,0.22524356678382015
348.0,F4,0.3220368795375397
348.0,F4,0.3843184662313408
348.0,F4,0.3818189912501046
348.0,F4,0.3037321801599822
368.0,F#4,0.4147029149189954
372.0,F#4,0.5447574391914287
372.0,F#4,0.6160050101613604
372.0,F#4,0.5513833433092029
368.0,F#4,0.40505286072409785
372.0,F#4,0.22894965924813815
308.0,D#4,0.2836404241601105
312.0,D#4,0.3293759201787287
312.0,D#4,0.33266423232818004
312.0,D#4,0.2642288033809599
700.0,F5,0.20439321114539755
700.0,F5,0.2713069924968445
700.0,F5,0.2687162909073839
624.0,D#5,0.28743753530428995
624.0,D#5,0.44587425951956094
624.0,D#5,0.5379697981076279
624.0,D#5,0.5393698817329061
624.0,D#5,0.5144813174308094
624.0,D#5,0.49790057608111415
624.0,D#5,0.4750245506188513
624.0,D#5,0.439750029324999
624.0,D#5,0.3724818321023564
620.0,D#5,0.31296767576580986
620.0,D#5,0.2501508486031198
620.0,D#5,0.15887101490065958
552.0,C#5,0.31752226267093664
552.0,C#5,0.38389707469008305
548.0,C#5,0.3658991459392654
548.0,C#5,0.29682054571806366
836.0,G#5,0.23584221414058834
836.0,G#5,0.20547326750307995
624.0,D#5,0.25402388909213086
624.0,D#5,0.2961845626743063
620.0,D#5,0.289814398772296
620.0,D#5,0.23833183570371158
620.0,D#5,0.145861445225745
688.0,F5,0.14633720213596582
696.0,F5,0.16622257854765451
348.0,F4,0.2318933776096109
348.0,F4,0.32313980238797735
348.0,F4,0.43362162602940985
348.0,F4,0.5192252646972134
348.0,F4,0.5156807903206284
352.0,F4,0.5261317059125801
352.0,F4,0.4975782492402977
352.0,F4,0.4516003763589774
352.0,F4,0.4001018782030705
348.0,F4,0.38563391921679085
348.0,F4,0.31800792721790644
352.0,F4,0.20516920025515611
740.0,F#5,0.2814733364974194
740.0,F#5,0.35147067698585344
740.0,F#5,0.32501317583942707
740.0,F#5,0.22280188495737605
696.0,F5,0.2510663631993008
696.0,F5,0.30860257350784437
700.0,F5,0.29533728363481226
700.0,F5,0.21504786679575055
620.0,D#5,0.3050566692535955
620.0,D#5,0.3468579792776242
620.0,D#5,0.2882562500884516
616.0,D#5,0.17672203972493244
740.0,F#5,0.24688437152697226
740.0,F#5,0.3125016489489347
740.0,F#5,0.3019475965009001
740.0,F#5,0.22620505889143472
624.0,D#5,0.15009153448583515
700.0,F5,0.24758200725403795
700.0,F5,0.3080222808607141
700.0,F5,0.2904752746904655
700.0,F5,0.20687384996179256
232.0,A#3,0.22084596511744295
232.0,A#3,0.26683735184305707
236.0,A#3,0.28359765344899285
236.0,A#3,0.3088677014853832
232.0,A#3,0.3175334047638793
232.0,A#3,0.3103285094655665
232.0,A#3,0.2755603987083069
232.0,A#3,0.24008245558633606
232.0,A#3,0.20877095058636572
556.0,C#5,0.20761628655058037
556.0,C#5,0.32839901458587867
556.0,C#5,0.4157352988165333
556.0,C#5,0.4591677420500314
556.0,C#5,0.4755024160916736
556.0,C#5,0.4769948367265937
556.0,C#5,0.4318022250583286
556.0,C#5,0.33072984317986237
624.0,D#5,0.2377104309087117
624.0,D#5,0.33190668791553923
308.0,D#4,0.36583154249440636
308.0,D#4,0.3549423019205902
308.0,D#4,0.2819359591960955
628.0,D#5,0.34853317880260076
628.0,D#5,0.553746314727054
628.0,D#5,0.6836195183520616
628.0,D#5,0.6646025429712822
628.0,D#5,0.5110099011927098
628.0,D#5,0.3120417684856653
700.0,F5,0.36988715558442004
700.0,F5,0.5170176295395491
700.0,F5,0.5578899542966418
700.0,F5,0.45964551350141986
700.0,F5,0.2767226116518723
352.0,F4,0.26344950121784333
352.0,F4,0.2605527126347611
276.0,C#4,0.2120750391166748
556.0,C#5,0.2759063867744832
560.0,C#5,0.26676580623083773
556.0,C#5,0.2094430164230181
556.0,C#5,0.3144519173256069
556.0,C#5,0.38128616864993997
556.0,C#5,0.38243220666821165
556.0,C#5,0.33805657734099503
556.0,C#5,0.312783329123977
556.0,C#5,0.3049228659625444
556.0,C#5,0.27132065786792736
560.0,C#5,0.20303691404015473
372.0,F#4,0.21927069258534446
372.0,F#4,0.29299481126845245
368.0,F#4,0.2836216268521909
368.0,F#4,0.2682834098227534
364.0,F#4,0.2333069762251685
832.0,G#5,0.31049976508590094
832.0,G#5,0.4445181777629744
832.0,G#5,0.47862765187920825
832.0,G#5,0.39657578038076796
828.0,G#5,0.2840561767837722
416.0,G#4,0.3229563896006003
416.0,G#4,0.5068760416122925
416.0,G#4,0.6250631683992244
416.0,G#4,0.6246387295136948
416.0,G#4,0.5208739604455357
416.0,G#4,0.39334995925372385
832.0,G#5,0.32960042737137507
832.0,G#5,0.28675575073577253
832.0,G#5,0.22851108560549693
416.0,G#4,0.2067373020910498
416.0,G#4,0.29915569234568473
416.0,G#4,0.366135852685837
832.0,G#5,0.3931562338647902
832.0,G#5,0.3885485654063557
416.0,G#4,0.3401161737283463
416.0,G#4,0.2556789135177372
828.0,G#5,0.23600051808902042
828.0,G#5,0.23808332235891477
828.0,G#5,0.2191313043955024
828.0,G#5,0.24966928303453384
828.0,G#5,0.3536299959942157
828.0,G#5,0.407135493844126
828.0,G#5,0.38580877331228486
828.0,G#5,0.3044131993082612
352.0,F4,0.22875948014891917
352.0,F4,0.17343688645026006
372.0,F#4,0.2425834289347215
372.0,F#4,0.31123613776305026
372.0,F#4,0.31099077387804025
308.0,D#4,0.27033472645728834
308.0,D#4,0.271242484854878
308.0,D#4,0.20764091153308523
420.0,G#4,0.2397117565883202
420.0,G#4,0.3755407068987166
420.0,G#4,0.4625664521373588
416.0,G#4,0.6437702280529034
416.0,G#4,0.7996512513296475
416.0,G#4,0.7866812981364225
416.0,G#4,0.6226260184697073
416.0,G#4,0.36253058147544226
412.0,G#4,0.20644221131601495
416.0,G#4,0.2999245012194121
416.0,G#4,0.3873146048479678
416.0,G#4,0.38286045552058295
412.0,G#4,0.3351423254267381
412.0,G#4,0.25129088876095146
464.0,A#4,0.27678596631682356
468.0,A#4,0.3639220729011596
468.0,A#4,0.40294040395004144
468.0,A#4,0.40219272384875504
464.0,A#4,0.45339973109982606
464.0,A#4,0.5624980512634215
464.0,A#4,0.5054498158763514
468.0,A#4,0.3739555325840129
620.0,D#5,0.28428218140059885
620.0,D#5,0.20531155868798112
468.0,A#4,0.22037807205229795
464.0,A#4,0.25563920323615796
464.0,A#4,0.2794450979520889
468.0,A#4,0.26803586908582694
468.0,A#4,0.20705714453883398
616.0,D#5,0.1327452122080629
672.0,E5,0.16119488375698438
680.0,F5,0.18263551932978236
744.0,F#5,0.3090301320893598
740.0,F#5,0.46683773885921254
740.0,F#5,0.6086236902937481
740.0,F#5,0.6738512567536907
740.0,F#5,0.6383426283911823
740.0,F#5,0.5280504436771096
740.0,F#5,0.377823306637172
740.0,F#5,0.2208298108489221
604.0,D5,0.12477113660320069
604.0,D5,0.13220950655223448
740.0,F#5,0.09306909439631218
720.0,F#5,0.07028322082737555
720.0,F#5,0.07774785403547955
744.0,F#5,0.315013475954009
744.0,F#5,0.41503680398530285
740.0,F#5,0.5750947778905786
740.0,F#5,0.762586160318538
740.0,F#5,0.91459778013347
740.0,F#5,0.9862532261392553
740.0,F#5,0.9171800150855361
740.0,F#5,0.7003928645571456
740.0,F#5,0.41229259041774075
744.0,F#5,0.21777804724509145
416.0,G#4,0.33692397610808406
416.0,G#4,0.3919197265643577
416.0,G#4,0.3349178694060272
416.0,G#4,0.20453057818633802
468.0,A#4,0.34544863015703714
468.0,A#4,0.44583761702095326
468.0,A#4,0.44074028330778825
468.0,A#4,0.3275658789204164
416.0,G#4,0.23613227670094722
412.0,G#4,0.2410976161822444
372.0,F#4,0.25557589214748466
372.0,F#4,0.3163902172102278
368.0,F#4,0.3688294567134781
368.0,F#4,0.35271797234206076
736.0,F#5,0.2822536169693267
348.0,F4,0.27349466618448093
348.0,F4,0.3273267363342041
348.0,F4,0.3403398242906216
348.0,F4,0.3415629681834139
348.0,F4,0.34397975134196057
348.0,F4,0.322138550189099
348.0,F4,0.25725274456525077
620.0,D#5,0.21537185109090312
620.0,D#5,0.23320587609910928
352.0,F4,0.24451611304326715
348.0,F4,0.24985079651951633
348.0,F4,0.23359805137773046
308.0,D#4,0.20587895544331605
308.0,D#4,0.25589827364295065
312.0,D#4,0.23913563218633813
468.0,A#4,0.2542199294621562
468.0,A#4,0.3566063159427831
468.0,A#4,0.37881688927462337
464.0,A#4,0.3585662873562148
464.0,A#4,0.3192366781584148
460.0,A#4,0.22672790100574314
416.0,G#4,0.32670927107543013
416.0,G#4,0.4110556221298804
416.0,G#4,0.4270622880233097
412.0,G#4,0.42337806819776935
412.0,G#4,0.3741705776701827
412.0,G#4,0.2680357464592231
368.0,F#4,0.21759184295097544
368.0,F#4,0.23344637400144913
348.0,F4,0.20485377019612103
348.0,F4,0.3004908928667943
348.0,F4,0.349015357231096
352.0,F4,0.3521182212181936
348.0,F4,0.2832998222743166
740.0,F#5,0.20483935188822328
740.0,F#5,0.26882294084125036
740.0,F#5,0.25821564873367453
832.0,G#5,0.20866705566361415
832.0,G#5,0.32501652696789624
832.0,G#5,0.3486609138873111
832.0,G#5,0.26121572349875083
828.0,G#5,0.21113573139909186
828.0,G#5,0.33535922127648504
828.0,G#5,0.41259602541716567
828.0,G#5,0.358210406326375
824.0,G#5,0.33718715074465305
836.0,G#5,0.33813122114302113
820.0,G#5,0.38010455129858395
836.0,G#5,0.3871026924364366
836.0,G#5,0.41744578705592605
832.0,G#5,0.42764409719425617
832.0,G#5,0.40988596967110436
828.0,G#5,0.34700167795849435
472.0,A#4,0.30186551232308084
468.0,A#4,0.3823865451990465
468.0,A#4,0.3703314435592857
468.0,A#4,0.2653274478350128
372.0,F#4,0.21154160547245437
412.0,G#4,0.26531664637635854
412.0,G#4,0.36987907144509646
412.0,G#4,0.3973171816690583
412.0,G#4,0.3252524286363386
416.0,G#4,0.2061041072836283
368.0,F#4,0.3502058096503515
368.0,F#4,0.4637050585267618
368.0,F#4,0.4772926507051397
372.0,F#4,0.3945528859657756
372.0,F#4,0.31294843656731963
348.0,F4,0.21586167942712103
352.0,F4,0.24380481799740106
352.0,F4,0.2941370579833982
352.0,F4,0.3023456647985373
352.0,F4,0.25726750899974005
372.0,F#4,0.23249068366095707
372.0,F#4,0.3349613666528961
372.0,F#4,0.37563852849807094
372.0,F#4,0.3357486396720143
368.0,F#4,0.24333074646435077
416.0,G#4,0.27777930945874807
416.0,G#4,0.36878142767709843
416.0,G#4,0.4122137784399042
416.0,G#4,0.41005170671040075
416.0,G#4,0.39398368731810923
416.0,G#4,0.38417765482566796
416.0,G#4,0.37254955015688146
416.0,G#4,0.3347223908260534
832.0,G#5,0.25823288834706826
696.0,F5,0.21342625499503162
696.0,F5,0.31567981743118134
696.0,F5,0.3681719210107824
696.0,F5,0.3059066431342899
700.0,F5,0.31565409221578355
700.0,F5,0.32627985205882093
700.0,F5,0.35298132257660353
700.0,F5,0.38966427811750814
700.0,F5,0.3864137191604646
700.0,F5,0.3323590431938045
700.0,F5,0.28648060360844263
700.0,F5,0.2611183737732881
704.0,F5,0.22946831041809013
280.0,C#4,0.2797551456686154
280.0,C#4,0.33059558664598404
280.0,C#4,0.29871202951736664
276.0,C#4,0.28438196621534706
276.0,C#4,0.30355636257993335
276.0,C#4,0.32169339981626166
276.0,C#4,0.30415019671749466
556.0,C#5,0.3008912431931785
556.0,C#5,0.37431004581980576
556.0,C#5,0.39457415963385134
556.0,C#5,0.38623341726395677
556.0,C#5,0.3930322098215542
556.0,C#5,0.39670271240818605
556.0,C#5,0.3528059411296008
556.0,C#5,0.2600027624020157
232.0,A#3,0.2535019802293794
232.0,A#3,0.36260782483429954
232.0,A#3,0.4041370947166916
232.0,A#3,0.3519835465454107
236.0,A#3,0.24845921677522873
368.0,F#4,0.2133900319419645
372.0,F#4,0.2344114838143636
372.0,F#4,0.20485961330950458
416.0,G#4,0.24556976044387596
416.0,G#4,0.3222929936794072
416.0,G#4,0.3065765332020165
416.0,G#4,0.20762104760584596
368.0,F#4,0.2281910429139618
368.0,F#4,0.2508861124466756
372.0,F#4,0.2437801007551708
412.0,G#4,0.20215937899871492
736.0,F#5,0.2824785930541771
740.0,F#5,0.3875778855488769
740.0,F#5,0.4644181420970414
740.0,F#5,0.4617173848942009
740.0,F#5,0.3771423024483044
364.0,F#4,0.2764092811030625
360.0,F#4,0.2504439416607111
352.0,F4,0.21188835887151092
416.0,G#4,0.2538176645250043
416.0,G#4,0.3583127022657676
416.0,G#4,0.3660260466347686
416.0,G#4,0.2717140379651251
464.0,A#4,0.3531258036901868
464.0,A#4,0.42163824218046336
464.0,A#4,0.4040882989087261
464.0,A#4,0.30742884285637445
460.0,A#4,0.22080612315925285
412.0,G#4,0.25550520463618215
412.0,G#4,0.37578280077412074
412.0,G#4,0.3840215860080305
412.0,G#4,0.2755864205974866
368.0,F#4,0.08738635663641153
348.0,F4,0.13170542729664347
348.0,F4,0.2314363939756146
700.0,F5,0.35045645108954987
700.0,F5,0.4569096764383616
348.0,F4,0.45087106669075494
348.0,F4,0.4437468676096407
696.0,F5,0.41546697342255073
348.0,F4,0.37054248031560033
348.0,F4,0.31615216256556167
352.0,F4,0.2450955388337697
632.0,D#5,0.20573178733444084
700.0,F5,0.2888136418992764
700.0,F5,0.46287922947465937
700.0,F5,0.5343022250922621
700.0,F5,0.45666182727629245
700.0,F5,0.28207868820394877
548.0,C#5,0.22097417749867956
548.0,C#5,0.21999051216730822
832.0,G#5,0.21326685089263522
832.0,G#5,0.21258470159015455
832.0,G#5,0.16219676487719797
464.0,A#4,0.12728514341772743
468.0,A#4,0.21013058920750874
468.0,A#4,0.29508544235500495
468.0,A#4,0.30109452423595606
468.0,A#4,0.22814054269767117
368.0,F#4,0.20052814331472835
368.0,F#4,0.2071002508260019
348.0,F4,0.20938283842654185
348.0,F4,0.303603487414417
348.0,F4,0.3068381233659287
368.0,F#4,0.32227081260659857
368.0,F#4,0.406976227196449
368.0,F#4,0.36447844232445503
372.0,F#4,0.27868760454874664
416.0,G#4,0.254579736885893
416.0,G#4,0.30122168079693956
416.0,G#4,0.25719722233624104
824.0,G#5,0.25971664493058805
824.0,G#5,0.3745029396746681
828.0,G#5,0.4851106018003018
828.0,G#5,0.49360993310679946
840.0,G#5,0.39085484946256693
832.0,G#5,0.40182648442551916
832.0,G#5,0.3670972811629398
832.0,G#5,0.31222550655565834
832.0,G#5,0.33059479048894497
832.0,G#5,0.336129057527367
832.0,G#5,0.26402475123048763
468.0,A#4,0.21749931478929235
468.0,A#4,0.23262941937597548
416.0,G#4,0.2095540102715807
828.0,G#5,0.28978137707570273
828.0,G#5,0.37183494372238357
828.0,G#5,0.3914543314204026
828.0,G#5,0.3657385944340946
420.0,G#4,0.3449539747280261
416.0,G#4,0.3560742591492567
416.0,G#4,0.34735656427436284
412.0,G#4,0.3028383943200404
472.0,A#4,0.23179695959071536
472.0,A#4,0.41073654946968846
472.0,A#4,0.4830262779625256
468.0,A#4,0.44376305410062183
468.0,A#4,0.30331398867347603
832.0,G#5,0.28302267706370554
832.0,G#5,0.3797674447452923
832.0,G#5,0.3754363686638001
828.0,G#5,0.2789034404628439
372.0,F#4,0.23615830606608426
372.0,F#4,0.2411391214092426
372.0,F#4,0.2095923093377905
372.0,F#4,0.2976616710878615
372.0,F#4,0.3468480172123336
372.0,F#4,0.33237586286747894
372.0,F#4,0.25874610953161525
372.0,F#4,0.22033516476210768
372.0,F#4,0.31804955053063905
372.0,F#4,0.3859518675240405
372.0,F#4,0.38860752241822727
372.0,F#4,0.3169375234109171
828.0,G#5,0.22129444791114336
828.0,G#5,0.4411024819986312
828.0,G#5,0.692364370870707
828.0,G#5,0.8688990186163984
828.0,G#5,0.8917056604360664
828.0,G#5,0.7175884118978634
828.0,G#5,0.42689604634897854
556.0,C#5,0.29074330218874717
556.0,C#5,0.3026516535728289
404.0,G#4,0.263584838466172
408.0,G#4,0.29844019266752997
408.0,G#4,0.2775336847935633
412.0,G#4,0.2166245624387286
352.0,F4,0.23194980698601492
352.0,F4,0.23517602380210004
700.0,F5,0.23169959899778872
700.0,F5,0.35342394830920815
700.0,F5,0.4027396588055925
700.0,F5,0.3487261654815481
696.0,F5,0.2877137692780891
692.0,F5,0.2909234921443565
692.0,F5,0.31703558480235133
692.0,F5,0.3675885729658703
696.0,F5,0.43586280227721774
696.0,F5,0.3859077015824175
696.0,F5,0.24810601930773893
280.0,C#4,0.2902887393676383
280.0,C#4,0.3744263113834432
276.0,C#4,0.3970570287747494
276.0,C#4,0.4356609156912367
276.0,C#4,0.3845412558837774
280.0,C#4,0.30981697776500594
280.0,C#4,0.3676384869923865
276.0,C#4,0.4173543091014869
276.0,C#4,0.4347787100150103
276.0,C#4,0.3341389439953188
232.0,A#3,0.22592123531898486
232.0,A#3,0.2311831195408274
232.0,A#3,0.21061886132861846
368.0,F#4,0.2508225151639248
372.0,F#4,0.35970292863085224
372.0,F#4,0.3840799991223061
372.0,F#4,0.3055940372989313
832.0,G#5,0.3373622616782686
832.0,G#5,0.4010024061599401
828.0,G#5,0.35709565280863387
828.0,G#5,0.25683824590871224
372.0,F#4,0.24335558325147605
372.0,F#4,0.2692084130908164
372.0,F#4,0.25708073776560136
368.0,F#4,0.23651777557677456
368.0,F#4,0.20087330012458454
372.0,F#4,0.21706099664859105
372.0,F#4,0.2709536965132361
372.0,F#4,0.25401408766145595
420.0,G#4,0.2700951301412988
420.0,G#4,0.3229589974037224
420.0,G#4,0.27832342280008354
368.0,F#4,0.21480074739166719
372.0,F#4,0.2460923532662346
372.0,F#4,0.2803486652439278
372.0,F#4,0.2887650584369445
372.0,F#4,0.2820402616151023
372.0,F#4,0.27680620228884634
372.0,F#4,0.27222151598021754
368.0,F#4,0.2932271514614084
368.0,F#4,0.2937781656900344
368.0,F#4,0.21140823613514012
312.0,D#4,0.21319618027956272
472.0,A#4,0.1592636743637785
472.0,A#4,0.2186540458277053
468.0,A#4,0.24374988769984016
468.0,A#4,0.28818386659317663
468.0,A#4,0.288208169670004
468.0,A#4,0.23085849747731485
468.0,A#4,0.14645548407743797
464.0,A#4,0.13052712179719092
464.0,A#4,0.1754123272495131
464.0,A#4,0.20535701314159757
464.0,A#4,0.18847105877653667
416.0,G#4,0.22188784365497183
416.0,G#4,0.23639414419215016
372.0,F#4,0.22171884505228726
372.0,F#4,0.2688429224190364
372.0,F#4,0.3032006944130715
372.0,F#4,0.32902095094895034
372.0,F#4,0.3171328245662153
368.0,F#4,0.25781182400612496
348.0,F4,0.25276512346885793
348.0,F4,0.326690268983004
348.0,F4,0.3493966807597456
700.0,F5,0.36292976447089476
700.0,F5,0.3775808431229084
352.0,F4,0.3607487041552859
348.0,F4,0.3375488493200222
348.0,F4,0.26936618842592325
308.0,D#4,0.24707150335983238
312.0,D#4,0.2944380678271262
312.0,D#4,0.31370469886918717
312.0,D#4,0.2739405411805876
308.0,D#4,0.20573287262619777
440.0,A4,0.1317299159752614
428.0,A4,0.14864973086905173
468.0,A#4,0.13176955227479792
740.0,F#5,0.15177763472470415
464.0,A#4,0.20695535565963447
468.0,A#4,0.2781283275653578
468.0,A#4,0.31841269517185833
468.0,A#4,0.32019231913473434
468.0,A#4,0.3512141714933354
468.0,A#4,0.3981544585665609
468.0,A#4,0.3634945862123337
464.0,A#4,0.27818035138422686
472.0,A#4,0.22126105159706008
344.0,F4,0.20274024602017407
424.0,G#4,0.2360421786532897
424.0,G#4,0.2066175283593621
464.0,A#4,0.2747611019941606
464.0,A#4,0.32948380167762253
464.0,A#4,0.3111819164760565
464.0,A#4,0.22834703549039206
620.0,D#5,0.07299250717163346
744.0,F#5,0.09810997544266951
740.0,F#5,0.13145773381786327
740.0,F#5,0.148089937449188
624.0,D#5,0.1509048551726551
620.0,D#5,0.16833698952073597
620.0,D#5,0.2286162357387309
620.0,D#5,0.25683913664637
352.0,F4,0.29350422831252004
352.0,F4,0.32242491251888206
352.0,F4,0.28629990072878675
348.0,F4,0.2741763881046608
352.0,F4,0.10076566316471508
348.0,F4,0.09167457333676596
700.0,F5,0.12861742719083477
700.0,F5,0.16692136273191358
700.0,F5,0.20983846100094564
700.0,F5,0.27661427537931116
700.0,F5,0.3701642558679351
700.0,F5,0.46863309837646333
700.0,F5,0.5264014455527365
700.0,F5,0.49872505485905927
700.0,F5,0.3701274009594424
836.0,G#5,0.33809048471258085
836.0,G#5,0.3294732004928179
832.0,G#5,0.314028685990127
832.0,G#5,0.2840518644358373
832.0,G#5,0.23999978407051617
832.0,G#5,0.2234201611470312
832.0,G#5,0.2016210383855889
416.0,G#4,0.2644857101055973
416.0,G#4,0.39548806109425144
412.0,G#4,0.43994766545673164
412.0,G#4,0.37023642235310805
372.0,F#4,0.4394617664131656
368.0,F#4,0.5561345323317186
368.0,F#4,0.5266080197257786
368.0,F#4,0.35735688414452277
412.0,G#4,0.2990779361942767
412.0,G#4,0.4546856642629042
412.0,G#4,0.5238313600911769
412.0,G#4,0.471563495539248
412.0,G#4,0.35203141322665077
416.0,G#4,0.26648756109691385
416.0,G#4,0.2410298436583254
416.0,G#4,0.24907559036900828
416.0,G#4,0.2988148992031898
416.0,G#4,0.35729787537046204
416.0,G#4,0.39351916182916835
416.0,G#4,0.39126185783115797
416.0,G#4,0.3522342178816305
416.0,G#4,0.31418952315444415
828.0,G#5,0.36141327272652446
828.0,G#5,0.3225853485728623
416.0,G#4,0.24390846315740952
416.0,G#4,0.13988172876958932
732.0,F#5,0.17284152958949664
732.0,F#5,0.21469868746247212
620.0,D#5,0.22212091076047427
620.0,D#5,0.16892129284240615
824.0,G#5,0.11092957418498592
416.0,G#4,0.221335678166421
412.0,G#4,0.3392857722546781
412.0,G#4,0.4211419076023631
412.0,G#4,0.402271370408341
412.0,G#4,0.2952757035033147
372.0,F#4,0.2178725179625799
308.0,D#4,0.20622455244989216
416.0,G#4,0.2026873125054519
416.0,G#4,0.2484780438937893
416.0,G#4,0.2690363948629064
416.0,G#4,0.24469119546792598
412.0,G#4,0.20244528365412978
416.0,G#4,0.21917607606559625
416.0,G#4,0.29546486773648395
416.0,G#4,0.36378691726183643
416.0,G#4,0.38734540250140936
416.0,G#4,0.3687028676553801
416.0,G#4,0.3317619898888806
416.0,G#4,0.29989700953622067
416.0,G#4,0.26570483881948154
416.0,G#4,0.21018122420236596
628.0,D#5,0.23179302179971148
628.0,D#5,0.2985744763511575
624.0,D#5,0.3327720179676061
620.0,D#5,0.26549782562206004
420.0,G#4,0.26391338688966487
420.0,G#4,0.3479814884090438
416.0,G#4,0.3381929614515839
416.0,G#4,0.27676103552755843
348.0,F4,0.2111218563418092
348.0,F4,0.22091871791251685
348.0,F4,0.2560397787870853
832.0,G#5,0.27883527243469136
832.0,G#5,0.3008076755061268
832.0,G#5,0.291429618805082
828.0,G#5,0.3142401574872399
828.0,G#5,0.2834910684348071
832.0,G#5,0.20557834769363326
348.0,F4,0.20371841363006665
352.0,F4,0.20526828654446042
624.0,D#5,0.21994936444912713
624.0,D#5,0.23459332858952986
560.0,C#5,0.2299130814543965
556.0,C#5,0.23049850475401054
704.0,F5,0.2279615213487819
700.0,F5,0.2290971502448412
700.0,F5,0.2513706730095455
700.0,F5,0.23821518080720808
696.0,F5,0.2706206434211065
696.0,F5,0.2606670675250759
692.0,F5,0.21254338907889056
620.0,D#5,0.22850197675336112
620.0,D#5,0.20865774890927166
828.0,G#5,0.202008536563822
828.0,G#5,0.21969288274409216
828.0,G#5,0.20222624619041885
416.0,G#4,0.2040329120909561
412.0,G#4,0.3217479067228754
412.0,G#4,0.3586592281877402
412.0,G#4,0.30242666004732693
372.0,F#4,0.33468938207301085
372.0,F#4,0.4198169498560235
368.0,F#4,0.42477231657109343
368.0,F#4,0.3412820803275139
348.0,F4,0.2603031755664539
348.0,F4,0.3188699391347225
348.0,F4,0.30942454676957654
348.0,F4,0.2372139744134171
624.0,D#5,0.29840758045274274
624.0,D#5,0.3374953855737784
624.0,D#5,0.3002596234628699
624.0,D#5,0.21813815190141014
620.0,D#5,0.2182081837287196
620.0,D#5,0.2856688813734337
620.0,D#5,0.2830097073285412
620.0,D#5,0.21277828364691542
556.0,C#5,0.2508614242623916
556.0,C#5,0.3611654767938238
556.0,C#5,0.3882680996629268
556.0,C#5,0.3243578975289419
468.0,A#4,0.46249878743370526
468.0,A#4,0.5410144537546496
468.0,A#4,0.4744544093380251
468.0,A#4,0.304075085494724
412.0,G#4,0.25755914080261627
412.0,G#4,0.3070996544834933
412.0,G#4,0.270829889822165
368.0,F#4,0.2775760486036798
372.0,F#4,0.35883566896408897
372.0,F#4,0.37248981376777834
368.0,F#4,0.34323656238373457
368.0,F#4,0.3013521760627517
368.0,F#4,0.23472004450653805
468.0,A#4,0.2411048362783377
468.0,A#4,0.26995063750875314
468.0,A#4,0.30654921022494036
468.0,A#4,0.35218403236044327
468.0,A#4,0.3591657552019894
464.0,A#4,0.29570687409203117
464.0,A#4,0.21872216830729754
556.0,C#5,0.2804581933684037
556.0,C#5,0.33540629327455723
556.0,C#5,0.3014078808782273
692.0,F5,0.2020551275998376
740.0,F#5,0.10996331049325529
468.0,A#4,0.16453096282564286
468.0,A#4,0.18272822712684383
468.0,A#4,0.17698149727238954
740.0,F#5,0.16176085028586804
740.0,F#5,0.16282191544394567
740.0,F#5,0.1486529884211108
740.0,F#5,0.13570708077483143
740.0,F#5,0.13224120090580482
416.0,G#4,0.15290367767742621
352.0,F4,0.20726491584450235
348.0,F4,0.2476439303623077
348.0,F4,0.2160903287196769
844.0,G#5,0.17968780853571723
844.0,G#5,0.17428389160835325
840.0,G#5,0.17687320762648653
700.0,F5,0.19083166920263228
696.0,F5,0.25511741667333737
696.0,F5,0.34456789640683455
700.0,F5,0.4505066780005231
700.0,F5,0.5483588215159935
704.0,F5,0.5275007656415552
704.0,F5,0.40787466430275243
312.0,D#4,0.282174533025708
312.0,D#4,0.47554138228123327
312.0,D#4,0.6123550473429946
312.0,D#4,0.6129801668516962
312.0,D#4,0.4940662524028532
312.0,D#4,0.3426194522218367
312.0,D#4,0.2616154754338122
308.0,D#4,0.2631793062851994
312.0,D#4,0.2480023915890651
368.0,F#4,0.32583984827502616
368.0,F#4,0.48951484294199693
368.0,F#4,0.5434626067939042
368.0,F#4,0.46107813907426104
368.0,F#4,0.3059417220896715
412.0,G#4,0.20623504488493788
416.0,G#4,0.26395648436897423
416.0,G#4,0.3741055377030246
416.0,G#4,0.39915403245161624
416.0,G#4,0.3276409659837683
416.0,G#4,0.21018697922884674
468.0,A#4,0.27516434869876194
468.0,A#4,0.30575395842880926
492.0,B4,0.2641475645110723
492.0,B4,0.366755622662708
492.0,B4,0.3619507394209587
468.0,A#4,0.36323816378390394
468.0,A#4,0.4650710384876237
468.0,A#4,0.44653034426691046
468.0,A#4,0.3116333898053567
416.0,G#4,0.3841709028845508
416.0,G#4,0.4929172204980073
416.0,G#4,0.5626368185707294
416.0,G#4,0.6019537632317941
416.0,G#4,0.6133120121270857
416.0,G#4,0.5910782497817091
416.0,G#4,0.5465754226571028
416.0,G#4,0.46487086639533914
416.0,G#4,0.36493450932388377
416.0,G#4,0.29985427229280515
416.0,G#4,0.2905397212525295
416.0,G#4,0.30971566163790837
416.0,G#4,0.30944534749568614
416.0,G#4,0.2667972449108237
468.0,A#4,0.3087858277669035
468.0,A#4,0.501151259267991
468.0,A#4,0.6095720629558219
464.0,A#4,0.6521250457949742
464.0,A#4,0.6088818932225535
464.0,A#4,0.4568774369153496
464.0,A#4,0.2626151427255274
836.0,G#5,0.19921960617915457
832.0,G#5,0.2733599842893655
832.0,G#5,0.31816984409570076
832.0,G#5,0.3077077416555959
832.0,G#5,0.25877020642675863
832.0,G#5,0.1950815200304376
832.0,G#5,0.13264067929068718
832.0,G#5,0.08631028240544544
744.0,F#5,0.2005678846095432
748.0,F#5,0.25429075519667815
748.0,F#5,0.25566885919938337
832.0,G#5,0.20340940539029057
832.0,G#5,0.2140093217285792
832.0,G#5,0.2055069962691425
552.0,C#5,0.2501198137017654
556.0,C#5,0.30188255318185253
556.0,C#5,0.27521630679597436
620.0,D#5,0.1981513267535938
620.0,D#5,0.21767426608480903
624.0,D#5,0.23387063665460944
556.0,C#5,0.22888364425907642
560.0,C#5,0.2069735689877501
560.0,C#5,0.2055009418827833
704.0,F5,0.18689147436713552
704.0,F5,0.19346461724310088
700.0,F5,0.19724439299283375
700.0,F5,0.25394360287236306
700.0,F5,0.27736401116084836
700.0,F5,0.25133795272025694
620.0,D#5,0.35462484011396855
620.0,D#5,0.34333017747277317
624.0,D#5,0.2877605777899931
232.0,A#3,0.257909232221536
232.0,A#3,0.3586235083134892
232.0,A#3,0.42002426131510556
232.0,A#3,0.45077363175242197
232.0,A#3,0.46169959367548696
232.0,A#3,0.4416297563449497
236.0,A#3,0.41366678126272455
236.0,A#3,0.33964216250329876
552.0,C#5,0.2806281428864691
556.0,C#5,0.3789908493937455
556.0,C#5,0.39788426342018857
560.0,C#5,0.3051026805644049
564.0,C#5,0.2487489001626554
312.0,D#4,0.2738392343311444
312.0,D#4,0.3318865522741325
312.0,D#4,0.3084105440366921
352.0,F4,0.22793693371685741
704.0,F5,0.3379350820554304
700.0,F5,0.4262626479643791
700.0,F5,0.41737981322201395
700.0,F5,0.3056265522774095
348.0,F4,0.26673438273599004
348.0,F4,0.3904634884194589
348.0,F4,0.4237550407385796
348.0,F4,0.3440409960035822
744.0,F#5,0.2872923184342168
744.0,F#5,0.3328987608995534
744.0,F#5,0.2763166907244722
232.0,A#3,0.23916315547863118
232.0,A#3,0.3427952134384652
232.0,A#3,0.42114665480621705
232.0,A#3,0.46810216598199406
236.0,A#3,0.5113883125363398
232.0,A#3,0.5439488261275592
232.0,A#3,0.5293395752025584
232.0,A#3,0.4480449206622248
232.0,A#3,0.32958948500220325
232.0,A#3,0.21286909499009687
280.0,C#4,0.2490064806856906
280.0,C#4,0.32716370065362277
280.0,C#4,0.3543235122895001
280.0,C#4,0.33571235604330724
280.0,C#4,0.3030622310032537
280.0,C#4,0.27241875562831885
280.0,C#4,0.21998689338012384
308.0,D#4,0.2945092008145584
308.0,D#4,0.45641290474897533
312.0,D#4,0.5591514723351292
312.0,D#4,0.5321030732034131
312.0,D#4,0.37849817373675687
316.0,D#4,0.20454787053492796
312.0,D#4,0.2509365100470963
312.0,D#4,0.2706105457601373
312.0,D#4,0.21685788867073014
704.0,F5,0.31329575458284076
700.0,F5,0.4059139746340304
700.0,F5,0.4389614525322931
696.0,F5,0.453780922314013
696.0,F5,0.4274669512941082
696.0,F5,0.29719858751057904
312.0,D#4,0.21140794038665056
312.0,D#4,0.20834152008945234
368.0,F#4,0.2691727355416011
368.0,F#4,0.3498464186482404
368.0,F#4,0.373641943459767
368.0,F#4,0.330240925009523
368.0,F#4,0.23962974726309705
420.0,G#4,0.2263509922812778
420.0,G#4,0.3443268612561482
420.0,G#4,0.3787719376553756
420.0,G#4,0.3129167540835429
416.0,G#4,0.2983217035291211
416.0,G#4,0.35179093759171354
416.0,G#4,0.3336565574953937
416.0,G#4,0.25782367551879226
416.0,G#4,0.2685633703206942
416.0,G#4,0.3478964508522602
416.0,G#4,0.3329246378780984
416.0,G#4,0.23831278390863495
416.0,G#4,0.21972522440369613
416.0,G#4,0.26544988199977726
416.0,G#4,0.2517685142577665
372.0,F#4,0.25912448309169867
372.0,F#4,0.33338376853956053
372.0,F#4,0.3486585023118404
372.0,F#4,0.31723551732288235
372.0,F#4,0.28370548406842355
372.0,F#4,0.2630952352648125
372.0,F#4,0.22726758828017785
420.0,G#4,0.24643122949660298
416.0,G#4,0.4150752859209605
416.0,G#4,0.5618460865383057
416.0,G#4,0.6317405773212277
416.0,G#4,0.6082427686461684
416.0,G#4,0.5239274510863943
416.0,G#4,0.444203921958392
416.0,G#4,0.42096351692246264
416.0,G#4,0.4525874277537919
416.0,G#4,0.4860911076873223
416.0,G#4,0.4622973552047885
416.0,G#4,0.3570221826943103
420.0,G#4,0.21308775889777065
464.0,A#4,0.23401245205506213
460.0,A#4,0.2501516103736149
416.0,G#4,0.2087887391027549
416.0,G#4,0.37665163068563295
416.0,G#4,0.4832648867793657
416.0,G#4,0.46493343694761974
416.0,G#4,0.33882264119684374
232.0,A#3,0.24147292029078382
232.0,A#3,0.4284364024698379
232.0,A#3,0.6288476797040029
232.0,A#3,0.794212894968979
232.0,A#3,0.8630815599321119
236.0,A#3,0.8410706061739356
236.0,A#3,0.6633108976514945
232.0,A#3,0.4051734797835009
556.0,C#5,0.446004492624509
556.0,C#5,0.390761972812708
556.0,C#5,0.2526047844031617
624.0,D#5,0.2065860755177086
624.0,D#5,0.2659219999063037
624.0,D#5,0.2712255813318612
624.0,D#5,0.22085683423769023
620.0,D#5,0.1704921605368923
700.0,F5,0.2416283090662969
700.0,F5,0.32157782529853174
700.0,F5,0.3379200930671167
700.0,F5,0.2769056675730431
348.0,F4,0.3048753494921136
348.0,F4,0.35392773816020284
348.0,F4,0.38678403369168385
352.0,F4,0.43290221342192486
352.0,F4,0.49052168846584965
352.0,F4,0.49759810428155715
352.0,F4,0.4460890325500187
352.0,F4,0.33390522767702296
352.0,F4,0.19333199003897028
736.0,F#5,0.2527522592471031
736.0,F#5,0.3000528867078787
736.0,F#5,0.29942165962181466
736.0,F#5,0.25921436368551676
740.0,F#5,0.19827020877482238
700.0,F5,0.2792673639158693
700.0,F5,0.3445495083971875
348.0,F4,0.3412874929294204
348.0,F4,0.29210419703285784
604.0,D5,0.2028435530833356
232.0,A#3,0.28717573260357204
232.0,A#3,0.35272066426772253
232.0,A#3,0.38262480549209843
232.0,A#3,0.3860377847639006
236.0,A#3,0.4383202480337932
236.0,A#3,0.45162812932490143
232.0,A#3,0.4549203800881046
232.0,A#3,0.4332564665833772
232.0,A#3,0.39154172777820756
236.0,A#3,0.3434858427512053
236.0,A#3,0.37562802512634563
236.0,A#3,0.3673005705927992
236.0,A#3,0.34896192396321896
232.0,A#3,0.3234956642378569
232.0,A#3,0.2702958663425562
208.0,G#3,0.2293126057210847
208.0,G#3,0.23080103206321323
276.0,C#4,0.3586030275715849
276.0,C#4,0.5240195968723403
276.0,C#4,0.5899342330377472
280.0,C#4,0.5728883293341193
280.0,C#4,0.564407851309568
280.0,C#4,0.5314617430351528
280.0,C#4,0.4530105378912162
280.0,C#4,0.33586083847339504
316.0,D#4,0.27692705762954906
316.0,D#4,0.33289454972204674
316.0,D#4,0.31300434321723525
316.0,D#4,0.22583242826149405
312.0,D#4,0.2844810477560386
312.0,D#4,0.3326669049378582
628.0,D#5,0.4052282164381771
632.0,D#5,0.3980943148221845
632.0,D#5,0.3230474516487771
696.0,F5,0.31844416189896035
696.0,F5,0.37581371937178637
696.0,F5,0.328136640746356
700.0,F5,0.22786044589314194
624.0,D#5,0.24431608733660806
316.0,D#4,0.24068227886095817
320.0,D#4,0.21815027276959995
372.0,F#4,0.21044569133785226
372.0,F#4,0.3908170386142411
372.0,F#4,0.5355887261003198
372.0,F#4,0.5755318615283416
372.0,F#4,0.4792032338961821
368.0,F#4,0.3482348603705692
368.0,F#4,0.271765166594849
416.0,G#4,0.3025795554183148
416.0,G#4,0.35744800493171686
416.0,G#4,0.3426239761098847
416.0,G#4,0.2725483519497115
416.0,G#4,0.19112830529792543
416.0,G#4,0.3055464733169934
416.0,G#4,0.4190054532987775
416.0,G#4,0.46006773898742903
828.0,G#5,0.522930175121378
828.0,G#5,0.6592277533981843
828.0,G#5,0.6647581848285916
828.0,G#5,0.5471241746071068
828.0,G#5,0.3621001382196748
420.0,G#4,0.20642526157894098
416.0,G#4,0.2896595935950998
416.0,G#4,0.37748100503356813
416.0,G#4,0.4114363859267882
416.0,G#4,0.4076123443811846
416.0,G#4,0.36516204103394084
420.0,G#4,0.28071815691811813
424.0,G#4,0.3222843473280137
424.0,G#4,0.3089795338914128
424.0,G#4,0.2474652810929765
508.0,B4,0.24764254866927685
508.0,B4,0.2106077860342264
828.0,G#5,0.3464690491153804
828.0,G#5,0.47209344167295053
828.0,G#5,0.5298957939270074
828.0,G#5,0.4852703747545894
828.0,G#5,0.361738651608756
832.0,G#5,0.23834346835360531
372.0,F#4,0.2299773899189578
368.0,F#4,0.36654267816845804
368.0,F#4,0.44780107426946386
368.0,F#4,0.42261879120123585
368.0,F#4,0.3144703988066586
308.0,D#4,0.20747510785271336
416.0,G#4,0.23867362822970997
416.0,G#4,0.40042083752630553
416.0,G#4,0.538814849478578
416.0,G#4,0.5941764017920268
416.0,G#4,0.5384356555454459
416.0,G#4,0.4023113274833578
416.0,G#4,0.23443455129573137
476.0,A#4,0.22075337500534117
476.0,A#4,0.21205085575058427
472.0,A#4,0.22460666499793738
620.0,D#5,0.1961890217407526
460.0,A#4,0.16642768388189927
456.0,A#4,0.13061697467780142
464.0,A#4,0.15711655202309585
476.0,A#4,0.20292912752444703
472.0,A#4,0.27397990957025864
472.0,A#4,0.303924040429305
472.0,A#4,0.29517210215894263
464.0,A#4,0.2913980847448976
464.0,A#4,0.3596341729654804
464.0,A#4,0.3946575657918974
464.0,A#4,0.3686883755146793
412.0,G#4,0.3138764446158159
412.0,G#4,0.4549495412085023
412.0,G#4,0.5097235310724959
416.0,G#4,0.5920031310915703
416.0,G#4,0.6634103340266632
416.0,G#4,0.6569513990499182
416.0,G#4,0.5887914424993934
416.0,G#4,0.482014984488615
416.0,G#4,0.3520934982593266
416.0,G#4,0.22108484059719868
464.0,A#4,0.18454987409702636
464.0,A#4,0.22211566425746776
464.0,A#4,0.24263450749259263
468.0,A#4,0.22624025406002088
468.0,A#4,0.1847845551030698
468.0,A#4,0.13767179709124697
468.0,A#4,0.12492400245998767
468.0,A#4,0.17382076174900035
412.0,G#4,0.09221963343832355
420.0,G#4,0.1039308235985151
420.0,G#4,0.1163659230405864
420.0,G#4,0.09606600894219886
416.0,G#4,0.1871838638700876
416.0,G#4,0.14854247379757934
828.0,G#5,0.0925981504218926
468.0,A#4,0.2405327201906432
464.0,A#4,0.26594004649322445
464.0,A#4,0.2549826458133824
376.0,F#4,0.2111779297790716
372.0,F#4,0.23297209337508068
372.0,F#4,0.22099899980895993
368.0,F#4,0.15814906853559366
368.0,F#4,0.10781856519003177
700.0,F5,0.16932018360023252
696.0,F5,0.26186977743216977
696.0,F5,0.3140186767604415
696.0,F5,0.28734846395422
700.0,F5,0.2851775685559794
700.0,F5,0.283546935511717
700.0,F5,0.2566145454054999
348.0,F4,0.21694833361695917
620.0,D#5,0.25237751520233814
620.0,D#5,0.25004616653210765
700.0,F5,0.26620386105288396
700.0,F5,0.2939249767924277
700.0,F5,0.2436921236403815
312.0,D#4,0.2439845986217707
312.0,D#4,0.25195200658964023
308.0,D#4,0.2180369728455591
316.0,D#4,0.20337836671559412
624.0,D#5,0.2667053402895064
624.0,D#5,0.37225551109042176
624.0,D#5,0.40141537810148875
624.0,D#5,0.34013213364419626
312.0,D#4,0.2946687458785571
312.0,D#4,0.24256539824467566
416.0,G#4,0.2208533985067805
416.0,G#4,0.3015489953264858
416.0,G#4,0.3205446873533597
420.0,G#4,0.30399198504752356
420.0,G#4,0.2117860882346237
464.0,A#4,0.22813444816380343
464.0,A#4,0.29121523326622256
464.0,A#4,0.3293484959595728
464.0,A#4,0.3085715413299299
456.0,A#4,0.23088999160340107
456.0,A#4,0.2186975777858965
416.0,G#4,0.24847548124976218
416.0,G#4,0.3225462102181164
416.0,G#4,0.3576242276746218
416.0,G#4,0.33394264463201984
412.0,G#4,0.2738631184518445
368.0,F#4,0.2556200533456923
736.0,F#5,0.29507854112755316
736.0,F#5,0.3800397285638128
736.0,F#5,0.4599330215336345
736.0,F#5,0.48941497405483
736.0,F#5,0.4302208876639859
736.0,F#5,0.28932005749591566
348.0,F4,0.393756883000384
348.0,F4,0.48279092443843935
348.0,F4,0.45601876280306797
348.0,F4,0.3301522499894129
744.0,F#5,0.36275879693682594
740.0,F#5,0.4584503127067371
740.0,F#5,0.4336968445588081
740.0,F#5,0.3007909640401092
840.0,G#5,0.2953161766972729
840.0,G#5,0.2633545608731063
828.0,G#5,0.31885051531267633
828.0,G#5,0.5033662230452266
828.0,G#5,0.6183094019990814
832.0,G#5,0.6828206351761621
832.0,G#5,0.684256025169135
832.0,G#5,0.6387636245803079
832.0,G#5,0.6256898391142253
832.0,G#5,0.652104496967767
832.0,G#5,0.6633138803797339
832.0,G#5,0.5822248245610964
832.0,G#5,0.39722314867796327
836.0,G#5,0.27599793162610947
840.0,G#5,0.207546384758259
376.0,F#4,0.20821649889270447
376.0,F#4,0.23030792524047372
376.0,F#4,0.2186379286767049
836.0,G#5,0.24321570647774232
836.0,G#5,0.23459216094005458
372.0,F#4,0.3018278415834046
372.0,F#4,0.4286410834695243
372.0,F#4,0.5014121431494841
368.0,F#4,0.49328068702927047
368.0,F#4,0.4265888420848515
368.0,F#4,0.3091541193455819
348.0,F4,0.2234223253222363
348.0,F4,0.27388968047472123
348.0,F4,0.327900374811456
348.0,F4,0.37501089101616886
348.0,F4,0.3934703412992399
352.0,F4,0.37424816763787494
352.0,F4,0.3610748002653531
352.0,F4,0.28289049510639225
832.0,G#5,0.3115676232326632
832.0,G#5,0.4745662847237936
832.0,G#5,0.5774545235725113
832.0,G#5,0.578212516160071
832.0,G#5,0.49790797307902074
828.0,G#5,0.4463660140467504
828.0,G#5,0.48033304829897094
828.0,G#5,0.45495921027274383
828.0,G#5,0.37009447404755885
828.0,G#5,0.2549699192170743
700.0,F5,0.20526137896304433
700.0,F5,0.44317385699706824
700.0,F5,0.6686190710744873
700.0,F5,0.7369781558219298
696.0,F5,0.7179974905090729
696.0,F5,0.6494369930311187
696.0,F5,0.5742432834968472
700.0,F5,0.6976567517938752
700.0,F5,0.7666496555995137
700.0,F5,0.6986577749249672
700.0,F5,0.5770715141993362
700.0,F5,0.4816015438494437
700.0,F5,0.4120350207945556
700.0,F5,0.34728441589327724
704.0,F5,0.3008422487312055
332.0,E4,0.3252801491125952
276.0,C#4,0.275222385934116
276.0,C#4,0.32014061203229816
276.0,C#4,0.3052244528273175
276.0,C#4,0.28569281694031473
276.0,C#4,0.328676773344039
276.0,C#4,0.3935947884477178
276.0,C#4,0.4172905787843403
556.0,C#5,0.4113806517784308
556.0,C#5,0.4442480953049421
556.0,C#5,0.467807285931637
556.0,C#5,0.4968109534145927
556.0,C#5,0.5389653675150513
556.0,C#5,0.5403146210047437
556.0,C#5,0.4650293700062445
556.0,C#5,0.32567430212652754
232.0,A#3,0.20102168458190428
232.0,A#3,0.3643284871327821
232.0,A#3,0.5487510919373519
232.0,A#3,0.711705626709579
232.0,A#3,0.8383799003868115
232.0,A#3,0.9115477774410802
232.0,A#3,0.8637609856984029
232.0,A#3,0.6734568373377617
232.0,A#3,0.4058369348532428
744.0,F#5,0.23941822869978982
744.0,F#5,0.2603801371905532
740.0,F#5,0.2169550247926302
832.0,G#5,0.2496093235973279
836.0,G#5,0.33431587606681235
836.0,G#5,0.3243152018012071
832.0,G#5,0.22009658579927674
736.0,F#5,0.2035371209874564
736.0,F#5,0.24596669813067107
740.0,F#5,0.3424098753753108
740.0,F#5,0.39169864404576143
740.0,F#5,0.3546617772004568
740.0,F#5,0.2541080597282722
308.0,D#4,0.2570779881337814
308.0,D#4,0.37030384845814823
308.0,D#4,0.44709933066610585
312.0,D#4,0.4716041456953686
312.0,D#4,0.4014519666611322
312.0,D#4,0.28000371642959077
372.0,F#4,0.21309018307285638
372.0,F#4,0.3008797990800832
744.0,F#5,0.4863805913785732
740.0,F#5,0.6269612290825982
740.0,F#5,0.6753578512927847
740.0,F#5,0.5767201061648823
368.0,F#4,0.7018623783980122
368.0,F#4,0.8055916598797357
368.0,F#4,0.7175104310223273
368.0,F#4,0.4744255732955034
368.0,F#4,0.2140511914648472
468.0,A#4,0.22146941509686338
468.0,A#4,0.257074118108067
464.0,A#4,0.23243184411971227
416.0,G#4,0.2925211424271756
416.0,G#4,0.43343139109114504
416.0,G#4,0.46914333063897157
416.0,G#4,0.37341814537800594
416.0,G#4,0.21404490329615955
348.0,F4,0.14732046057301798
736.0,F#5,0.1713623038080813
736.0,F#5,0.16946518618858272
700.0,F5,0.19720716508898725
700.0,F5,0.30062748364659275
700.0,F5,0.3561884082456618
700.0,F5,0.32629580257841573
696.0,F5,0.2637240621345857
696.0,F5,0.2819242629385486
696.0,F5,0.29625565982772506
700.0,F5,0.33060227165857425
700.0,F5,0.29005939981080725
696.0,F5,0.3036184233686297
696.0,F5,0.4551176630635232
700.0,F5,0.519256066291078
700.0,F5,0.46311116612123865
740.0,F#5,0.45428798863084674
740.0,F#5,0.4687285982980389
740.0,F#5,0.3492066398910872
700.0,F5,0.2478051236434673
344.0,F4,0.23499804931383592
624.0,D#5,0.27681282274895946
624.0,D#5,0.386737163061253
624.0,D#5,0.47097105920645216
624.0,D#5,0.4934909985151415
620.0,D#5,0.4893414672231416
620.0,D#5,0.4581346695885811
620.0,D#5,0.3287304010934802
832.0,G#5,0.26872888459579725
552.0,C#5,0.3114252242929156
552.0,C#5,0.31074514863861946
552.0,C#5,0.250836651335128
840.0,G#5,0.05452097441128577
448.0,A4,0.07816648153103202
448.0,A4,0.1355778596038203
448.0,A4,0.16727125950825664
416.0,G#4,0.24848462482064504
416.0,G#4,0.4290936359842384
416.0,G#4,0.5470769586908012
416.0,G#4,0.5271865131295741
416.0,G#4,0.37898831492379137
744.0,F#5,0.04902071465434773
744.0,F#5,0.10226472321263429
744.0,F#5,0.13905883168982794
348.0,F4,0.2909069229851496
348.0,F4,0.45626571128103294
348.0,F4,0.5574072293073981
348.0,F4,0.5359886629495668
348.0,F4,0.4132839917839236
352.0,F4,0.28930318607975075
368.0,F#4,0.2860960290324558
368.0,F#4,0.3408994174319188
368.0,F#4,0.2988882358855943
368.0,F#4,0.18783207739222962
832.0,G#5,0.25204426194981855
828.0,G#5,0.46576744587907265
828.0,G#5,0.7382689063813966
828.0,G#5,0.9495888750799206
828.0,G#5,1.0
832.0,G#5,0.9993308195265381
832.0,G#5,0.9955800593901206
832.0,G#5,0.9209883719106335
832.0,G#5,0.897133560979648
832.0,G#5,0.9122699017049662
828.0,G#5,0.8416364112444975
828.0,G#5,0.6876017144292335
828.0,G#5,0.45485264440743123
836.0,G#5,0.31082483565675084
832.0,G#5,0.21612910726293874
832.0,G#5,0.17103944822411357
464.0,A#4,0.09502963133199732
744.0,F#5,0.28396178507819203
744.0,F#5,0.3244359650014608
748.0,F#5,0.2685572887966576
828.0,G#5,0.24699576599200082
828.0,G#5,0.25227962585030783
372.0,F#4,0.3235512782719136
372.0,F#4,0.42568553978691687
368.0,F#4,0.42886198115340035
368.0,F#4,0.3419359634048125
368.0,F#4,0.20219690306091959
336.0,E4,0.22092765241094914
336.0,E4,0.2345977034576388
348.0,F4,0.20794598165221537
348.0,F4,0.2505831221339915
348.0,F4,0.25707488293506275
348.0,F4,0.2084542592931191
368.0,F#4,0.30151494763527564
368.0,F#4,0.45412035471072
368.0,F#4,0.5584630712075491
368.0,F#4,0.5755471674727728
368.0,F#4,0.5048707753305004
368.0,F#4,0.3570104780752004
740.0,F#5,0.21344045286138888
740.0,F#5,0.2639528285667837
740.0,F#5,0.2584680570848361
740.0,F#5,0.20178194782055395
832.0,G#5,0.352626923000306
832.0,G#5,0.554167927435423
832.0,G#5,0.6729433250468871
828.0,G#5,0.7594004936174813
828.0,G#5,0.7898928646430758
832.0,G#5,0.7181008069707635
832.0,G#5,0.6939590653842217
832.0,G#5,0.5979280756617806
832.0,G#5,0.44494399729012685
836.0,G#5,0.2567550644333064
372.0,F#4,0.29495348637026897
352.0,F4,0.42053867063956707
352.0,F4,0.44447432462422953
352.0,F4,0.35500806024898157
700.0,F5,0.23455980647182817
700.0,F5,0.22855051948981334
348.0,F4,0.28936553793276376
348.0,F4,0.40220296899853336
348.0,F4,0.47435981818690376
348.0,F4,0.48094959882697647
348.0,F4,0.43387698000422825
348.0,F4,0.371670377970738
700.0,F5,0.3976795363064408
700.0,F5,0.4660716623073075
700.0,F5,0.49516548058840504
696.0,F5,0.46764915183738076
696.0,F5,0.4148734812511686
696.0,F5,0.276705699638045
556.0,C#5,0.21581552517494795
556.0,C#5,0.37639106484215734
552.0,C#5,0.47417856511559914
552.0,C#5,0.46155848257963333
556.0,C#5,0.3225908254369948
528.0,C5,0.261754607301081
560.0,C#5,0.268055503334408
556.0,C#5,0.39607724415432916
556.0,C#5,0.5508008495278413
556.0,C#5,0.657009676239447
556.0,C#5,0.6731279257575474
556.0,C#5,0.6548829889767576
556.0,C#5,0.6385262027679152
556.0,C#5,0.6355453935938263
556.0,C#5,0.5969756644055635
552.0,C#5,0.525722461248749
552.0,C#5,0.5175421469768615
552.0,C#5,0.35941438037521917
464.0,A#4,0.21718791139708388
228.0,A#3,0.22139997804336364
224.0,A3,0.21719645253453326
740.0,F#5,0.23139423648631777
740.0,F#5,0.5092163025851343
740.0,F#5,0.7809447051568459
740.0,F#5,0.8684166466097903
744.0,F#5,0.7239521150681049
744.0,F#5,0.479343341300594
828.0,G#5,0.3063994211275719
828.0,G#5,0.3701386628230837
828.0,G#5,0.33808918647730507
396.0,G4,0.31680440916305164
396.0,G4,0.2732007867093367
372.0,F#4,0.2286690920922782
740.0,F#5,0.3286725862415318
740.0,F#5,0.4719742174972383
740.0,F#5,0.5847883298831285
740.0,F#5,0.6318975676586628
740.0,F#5,0.5968721684265611
740.0,F#5,0.47635283745490764
740.0,F#5,0.30541657886684753
312.0,D#4,0.3193427299968456
312.0,D#4,0.3743939878326498
312.0,D#4,0.3499840362240485
632.0,D#5,0.2839302113224898
632.0,D#5,0.21528524136606805
308.0,D#4,0.20820237201959355
308.0,D#4,0.2059014461226018
556.0,C#5,0.2143891717874578
556.0,C#5,0.2513794128868803
556.0,C#5,0.23602217522843516
624.0,D#5,0.18862870347710003
624.0,D#5,0.19483495529486466
624.0,D#5,0.15058537830143098
740.0,F#5,0.25380634492065524
740.0,F#5,0.3636217388934554
736.0,F#5,0.4290212215001314
736.0,F#5,0.486862454228803
736.0,F#5,0.48973649891893095
736.0,F#5,0.455012449366093
736.0,F#5,0.37835294068306513
736.0,F#5,0.273596208899245
824.0,G#5,0.2332329809512592
828.0,G#5,0.27737556716954975
828.0,G#5,0.24916531733209646
740.0,F#5,0.20492727392302956
740.0,F#5,0.2605357461459418
740.0,F#5,0.2594043154822805
740.0,F#5,0.23861084370109187
740.0,F#5,0.2632839277646494
740.0,F#5,0.3238047002011114
740.0,F#5,0.3812122237072815
740.0,F#5,0.4239259501270319
740.0,F#5,0.4144138348873558
744.0,F#5,0.3208338387883769
744.0,F#5,0.2799033636416768
748.0,F#5,0.20499207724298588
836.0,G#5,0.0899450675733442
836.0,G#5,0.09256922137972542
836.0,G#5,0.08488474499324676
832.0,G#5,0.06663579037979707
852.0,G#5,0.08820713525845764
852.0,G#5,0.096151177621386
544.0,C#5,0.1166819982460157
580.0,D5,0.24824217467841275
580.0,D5,0.4044168108462288
580.0,D5,0.4670987212474139
580.0,D5,0.39260246124991216
584.0,D5,0.2504483412049603
472.0,A#4,0.2707315903419273
472.0,A#4,0.3004632687203765
472.0,A#4,0.2600318539465376
468.0,A#4,0.21993105660551757
468.0,A#4,0.2735122980196111
468.0,A#4,0.3282564977556379
468.0,A#4,0.37996679492256985
468.0,A#4,0.40288578770194866
468.0,A#4,0.3805102817740352
464.0,A#4,0.35941747698312515
464.0,A#4,0.34047743148385723
464.0,A#4,0.29511661873000783
468.0,A#4,0.24704042751823102
464.0,A#4,0.20195388261372466
468.0,A#4,0.21372299258798802
468.0,A#4,0.2251175725685678
468.0,A#4,0.10137775448359361
776.0,G5,0.049560714233015786
760.0,F#5,0.032494342943284536
852.0,G#5,0.03572124700306388
852.0,G#5,0.07603058268730083
852.0,G#5,0.10227205526171652
740.0,F#5,0.13504830299423806
740.0,F#5,0.2729221583926533
740.0,F#5,0.3712407768514282
740.0,F#5,0.367842795225505
740.0,F#5,0.2655036567660024
832.0,G#5,0.2746859113691658
832.0,G#5,0.40313816294137117
828.0,G#5,0.42905187440715997
828.0,G#5,0.3493141511716467
420.0,G#4,0.24438951592838798
420.0,G#4,0.30771460739088985
424.0,G#4,0.2959088480640428
424.0,G#4,0.2113973563579317
372.0,F#4,0.20461969070876543
372.0,F#4,0.2912437171784628
372.0,F#4,0.3203745686827666
372.0,F#4,0.26979200155399397
740.0,F#5,0.006768476951581424
740.0,F#5,0.024482032197884526
740.0,F#5,0.06264275400035565
740.0,F#5,0.11080804667717115
740.0,F#5,0.1429266281652717
740.0,F#5,0.1382797323710217
364.0,F#4,0.12259848797629275
364.0,F#4,0.12625880960915664
364.0,F#4,0.12588330202110562
368.0,F#4,0.21345968689356826
368.0,F#4,0.352014451474352
368.0,F#4,0.4633935177192714
368.0,F#4,0.5068126755950219
368.0,F#4,0.44887773048603474
740.0,F#5,0.4081790966568804
740.0,F#5,0.40589459345390955
740.0,F#5,0.38713015577803794
740.0,F#5,0.3527547598343149
740.0,F#5,0.28358059124928203
420.0,G#4,0.4122273316517919
420.0,G#4,0.48717832197843014
420.0,G#4,0.4145119139104084
468.0,A#4,0.42253093245890844
468.0,A#4,0.546237214095139
468.0,A#4,0.5100316766070824
468.0,A#4,0.34005676918852007
700.0,F5,0.3461698917606625
700.0,F5,0.33669990388095317
496.0,B4,0.26942148296185203
496.0,B4,0.48282581514274736
496.0,B4,0.6048576876408738
496.0,B4,0.5527686649030263
492.0,B4,0.3719396773133192
488.0,B4,0.24074394751342518
464.0,A#4,0.28836809796036683
464.0,A#4,0.38262001428609843
464.0,A#4,0.47226287006401674
464.0,A#4,0.5394622452657118
464.0,A#4,0.5212067453602739
464.0,A#4,0.40419117969703794
460.0,A#4,0.2730591925514127
372.0,F#4,0.25366551239641905
372.0,F#4,0.3174457879212572
736.0,F#5,0.32635533586654314
736.0,F#5,0.26721252712645366
312.0,D#4,0.21547225557310384
312.0,D#4,0.32974114896600437
312.0,D#4,0.4166244772922141
312.0,D#4,0.4476481816844131
312.0,D#4,0.40819412913479314
312.0,D#4,0.31169038808307936
624.0,D#5,0.25976899103830536
624.0,D#5,0.2830783691415189
620.0,D#5,0.29179093649464927
620.0,D#5,0.23229503130293966
560.0,C#5,0.2513068190549418
556.0,C#5,0.3219415160027964
556.0,C#5,0.37600481650999573
832.0,G#5,0.3594216161974984
832.0,G#5,0.4148917574545779
832.0,G#5,0.4605910405201208
832.0,G#5,0.4781924254277833
832.0,G#5,0.4712187529605778
832.0,G#5,0.46882924857716846
832.0,G#5,0.47413103654054933
832.0,G#5,0.4508558709440248
828.0,G#5,0.4688193126097804
828.0,G#5,0.4323297968438983
828.0,G#5,0.28522247720370625
232.0,A#3,0.20608383155944163
232.0,A#3,0.25887643816277595
232.0,A#3,0.2457702427451687
372.0,F#4,0.24199764553167066
372.0,F#4,0.22718930452656141
700.0,F5,0.09199299244913707
700.0,F5,0.11614670020363757
696.0,F5,0.15335694269070752
696.0,F5,0.21740502405949264
696.0,F5,0.26172298076555656
696.0,F5,0.2882400821708466
696.0,F5,0.2930613699697504
700.0,F5,0.2793921408478478
700.0,F5,0.22890363491358182
628.0,D#5,0.26198274296688107
628.0,D#5,0.3439374460137516
624.0,D#5,0.33927010773359867
624.0,D#5,0.25246860840190816
380.0,F#4,0.20070782529644052
420.0,G#4,0.20696862523114518
420.0,G#4,0.21311964193955238
748.0,F#5,0.38189527563005066
744.0,F#5,0.6652719536644579
740.0,F#5,0.9054418045727027
740.0,F#5,0.9901015610139765
736.0,F#5,0.8853569330413192
736.0,F#5,0.8759417215620128
736.0,F#5,0.7335789513979114
736.0,F#5,0.5349257651675295
736.0,F#5,0.33413475290360434
736.0,F#5,0.1554841977743482
740.0,F#5,0.21991172487073538
740.0,F#5,0.2681130151658909
740.0,F#5,0.2679885449089619
740.0,F#5,0.2332010438467111
416.0,G#4,0.27708585435979316
416.0,G#4,0.30489640543716606
832.0,G#5,0.2755495059990331
832.0,G#5,0.24319997852766437
612.0,D#5,0.17687556628890533
740.0,F#5,0.2241708141258255
740.0,F#5,0.3310429529115041
740.0,F#5,0.3898193075988057
740.0,F#5,0.3552083198806027
736.0,F#5,0.33196938004536347
736.0,F#5,0.2653478090658471
696.0,F5,0.31484802267223516
696.0,F5,0.3752950207112035
700.0,F5,0.3546371189486431
700.0,F5,0.32528680928507636
700.0,F5,0.294806763562131
700.0,F5,0.2522066510825246
704.0,F5,0.2441712138754843
700.0,F5,0.4264399688786881
700.0,F5,0.5693558799133785
700.0,F5,0.5759183045467421
700.0,F5,0.44232685635660424
344.0,F4,0.30695004572479
344.0,F4,0.2314292329954982
620.0,D#5,0.23967091076930278
620.0,D#5,0.2537481036510081
620.0,D#5,0.2169442481130188
464.0,A#4,0.24980170048230582
468.0,A#4,0.32453629946806367
468.0,A#4,0.3336939310364317
472.0,A#4,0.2694776380274069
472.0,A#4,0.20510858846916644
832.0,G#5,0.11921484941247172
832.0,G#5,0.14795711384054258
848.0,G#5,0.20104740975438062
848.0,G#5,0.21435466799744715
468.0,A#4,0.13991550021830745
464.0,A#4,0.2109601700345656
464.0,A#4,0.23394092385956586
456.0,A#4,0.23962778636993734
416.0,G#4,0.30306146768673453
420.0,G#4,0.4584079208736809
420.0,G#4,0.5751269786421332
416.0,G#4,0.6015813979830913
416.0,G#4,0.5108397030971086
416.0,G#4,0.3342972414525634
736.0,F#5,0.20685015728084408
736.0,F#5,0.2670453426865673
736.0,F#5,0.2647829783556122
348.0,F4,0.45617645892305714
348.0,F4,0.5961559205746748
352.0,F4,0.6599698557962089
352.0,F4,0.6130085951907166
356.0,F4,0.43158188804217257
372.0,F#4,0.34546735241551896
744.0,F#5,0.30991993527016903
744.0,F#5,0.2718375527904287
420.0,G#4,0.26710226208494453
424.0,G#4,0.33651913426917485
424.0,G#4,0.32439528623029856
424.0,G#4,0.22602560354130816
832.0,G#5,0.23703139113635643
832.0,G#5,0.23142529715365487
740.0,F#5,0.2622953882196704
740.0,F#5,0.4497352052203649
740.0,F#5,0.5771847280294018
740.0,F#5,0.5618851360703215
740.0,F#5,0.4082376317942884
736.0,F#5,0.26726853701888537
832.0,G#5,0.36729672563545596
832.0,G#5,0.5446333578876745
832.0,G#5,0.649537588740404
832.0,G#5,0.6443556687851042
836.0,G#5,0.5567798751914341
836.0,G#5,0.7431642785843856
836.0,G#5,0.7750542939886962
836.0,G#5,0.6222161052992212
832.0,G#5,0.5074848812386509
832.0,G#5,0.3461562874737515
832.0,G#5,0.2165539533679194
828.0,G#5,0.14775614408597512
464.0,A#4,0.14027920780410577
464.0,A#4,0.19155998344008665
468.0,A#4,0.2774804259013105
468.0,A#4,0.3728274991938537
468.0,A#4,0.45334731555198565
468.0,A#4,0.5009094555625044
468.0,A#4,0.481464816393684
468.0,A#4,0.3867631372582865
464.0,A#4,0.29568489982802804
356.0,F4,0.3005058174202347
356.0,F4,0.29915095007042747
356.0,F4,0.27169518810708326
356.0,F4,0.2501998678375104
352.0,F4,0.26377634526161764
352.0,F4,0.23316048317953267
740.0,F#5,0.23618131899208536
744.0,F#5,0.27421526342689573
748.0,F#5,0.25879677299374776
840.0,G#5,0.32356780417626635
840.0,G#5,0.3898483378912841
840.0,G#5,0.36375618850511215
840.0,G#5,0.27016766043610874
840.0,G#5,0.1703644460025253
384.0,G4,0.21683923015060907
372.0,F#4,0.3210585112979924
368.0,F#4,0.38577263599725425
368.0,F#4,0.3500637324362842
560.0,C#5,0.23991069738804213
832.0,G#5,0.2822001897666652
832.0,G#5,0.4168504048741764
832.0,G#5,0.4775180264815268
832.0,G#5,0.4195839567250289
832.0,G#5,0.28812019929207167
368.0,F#4,0.23986950402052792
368.0,F#4,0.35856356514901677
372.0,F#4,0.43409618320332877
372.0,F#4,0.40580184174659095
368.0,F#4,0.28665038138793886
372.0,F#4,0.22512162881793432
372.0,F#4,0.2833468207585766
372.0,F#4,0.28206096986482876
372.0,F#4,0.2211273707480415
836.0,G#5,0.356394165002687
832.0,G#5,0.517226199474761
832.0,G#5,0.5444544567945389
828.0,G#5,0.5776892471054234
828.0,G#5,0.47322204074098084
832.0,G#5,0.3757337013726018
832.0,G#5,0.42700209667265593
832.0,G#5,0.3907105471850579
832.0,G#5,0.2999456841605708
832.0,G#5,0.19998124888335828
832.0,G#5,0.2222680883039006
832.0,G#5,0.21780320687866347
700.0,F5,0.21738048379600447
700.0,F5,0.279820836326317
700.0,F5,0.2626183149730689
348.0,F4,0.25285613580286276
348.0,F4,0.3360488116876478
348.0,F4,0.37436114809631965
348.0,F4,0.36217357998861543
700.0,F5,0.41715043207849617
700.0,F5,0.5180568836352527
700.0,F5,0.6062365264555643
700.0,F5,0.6573862107962205
700.0,F5,0.6296677230580454
696.0,F5,0.5559830997398505
696.0,F5,0.4690787171206973
696.0,F5,0.3126336398459735
556.0,C#5,0.2234966602682362
556.0,C#5,0.3465946645038622
552.0,C#5,0.3902466400419875
552.0,C#5,0.36961904619130154
556.0,C#5,0.26580489388185125
556.0,C#5,0.27414479138338943
556.0,C#5,0.37018685509649557
556.0,C#5,0.530425988452512
556.0,C#5,0.666935397701692
556.0,C#5,0.7298247088395549
556.0,C#5,0.7278717928520554
556.0,C#5,0.7693630313136239
556.0,C#5,0.8114477293529666
556.0,C#5,0.7947679657642723
556.0,C#5,0.7089504189284627
556.0,C#5,0.5471349386910394
552.0,C#5,0.4541558831716219
552.0,C#5,0.2811586648560346
468.0,A#4,0.29298098156993946
468.0,A#4,0.32291495449152907
464.0,A#4,0.2815377191274511
372.0,F#4,0.29453893282624327
372.0,F#4,0.39864147620709717
744.0,F#5,0.4847735142244372
748.0,F#5,0.4555032572848288
748.0,F#5,0.3602003637974953
840.0,G#5,0.2907259336267709
840.0,G#5,0.26838667647181474
412.0,G#4,0.30028488838759076
380.0,F#4,0.2787223098714284
376.0,F#4,0.3121695325635537
372.0,F#4,0.2925368922081181
372.0,F#4,0.2060271238882492
740.0,F#5,0.28500574319352134
740.0,F#5,0.45130531863823814
740.0,F#5,0.5742081085097642
740.0,F#5,0.5760478529032307
736.0,F#5,0.4769514423606346
736.0,F#5,0.32012978190292873
620.0,D#5,0.3250501014561759
620.0,D#5,0.3248548915354821
348.0,F4,0.24882899822927132
348.0,F4,0.2568858901165645
348.0,F4,0.2111418076266601
832.0,G#5,0.2862681554668259
832.0,G#5,0.37131921136531615
832.0,G#5,0.43209231476692556
832.0,G#5,0.451725705232064
832.0,G#5,0.41659615376628883
832.0,G#5,0.33080529074546716
828.0,G#5,0.2343804505275994
472.0,A#4,0.1752075436365774
476.0,A#4,0.1358329824547417
832.0,G#5,0.31095876721534293
832.0,G#5,0.3541040817844511
832.0,G#5,0.3053828076997133
832.0,G#5,0.21230318777712354
624.0,D#5,0.20126755871866114
704.0,F5,0.2221523808164328
704.0,F5,0.21497539344345146
828.0,G#5,0.1797791919806074
828.0,G#5,0.19213946592237452
828.0,G#5,0.1836753875830039
620.0,D#5,0.2401798571323661
620.0,D#5,0.34172530315270055
620.0,D#5,0.325760503363329
612.0,D#5,0.28285445295066713
836.0,G#5,0.3095619744845676
836.0,G#5,0.40439363891559527
832.0,G#5,0.42419642756004994
832.0,G#5,0.34054416412365807
372.0,F#4,0.20141563432586487
372.0,F#4,0.3175807805725305
372.0,F#4,0.39822115636066086
372.0,F#4,0.40974836043738744
368.0,F#4,0.3772506207620834
368.0,F#4,0.35947713656891056
368.0,F#4,0.31321228661227657
368.0,F#4,0.24628835614465538
696.0,F5,0.2007770061088915
700.0,F5,0.24475685539651026
700.0,F5,0.32706542956867096
700.0,F5,0.38254702598644624
700.0,F5,0.4114833256170444
700.0,F5,0.38442156797449545
696.0,F5,0.3247335128322003
696.0,F5,0.22504825278306906
312.0,D#4,0.26237624703774853
312.0,D#4,0.375687393807044
312.0,D#4,0.43527757999782324
312.0,D#4,0.4436877245010554
312.0,D#4,0.4444856933237738
312.0,D#4,0.44827106743701634
312.0,D#4,0.4410190390189133
312.0,D#4,0.43503333158521434
312.0,D#4,0.4284743086845799
312.0,D#4,0.38817833001898533
308.0,D#4,0.3270325690224735
312.0,D#4,0.2864438901303906
312.0,D#4,0.2701104476751172
312.0,D#4,0.23106960999241455
